,DP05_0001E,state,county,tract,DP02_0001E,DP03_0062E,DP03_0063E,DP03_0119E
0,4284,17,031,010100,2322,68196,80246,-888888888
1,8210,17,031,010201,3028,61071,72634,-888888888
2,2865,17,031,010202,1223,58698,72545,-888888888
3,6237,17,031,010300,3047,68336,84059,-888888888
4,4473,17,031,010400,2058,48630,64396,-888888888
5,3913,17,031,010501,2417,47858,67082,-888888888
6,3407,17,031,010502,1582,55813,74277,-888888888
7,2417,17,031,010503,1315,18750,40976,-888888888
8,6379,17,031,010600,2943,66313,88705,-888888888
9,3590,17,031,010701,1603,70542,115009,-888888888
10,5148,17,031,010702,1915,52193,69800,-888888888
11,3927,17,031,020100,1679,57029,79204,-888888888
12,7203,17,031,020200,1989,117005,145964,-888888888
13,5432,17,031,020301,2215,73539,88883,-888888888
14,5201,17,031,020302,1736,84205,140519,-888888888
15,4256,17,031,020400,1669,76607,118311,-888888888
16,6646,17,031,020500,2221,43948,58212,-888888888
17,5868,17,031,020601,2058,61046,94407,-888888888
18,5343,17,031,020602,1602,83839,112157,-888888888
19,1728,17,031,020701,764,92024,115402,-888888888
20,8412,17,031,020702,2483,68897,82455,-888888888
21,5990,17,031,020801,2175,71953,90458,-888888888
22,8715,17,031,020802,2131,62212,88182,-888888888
23,6179,17,031,020901,2197,50243,74182,-888888888
24,4365,17,031,020902,1597,49432,62847,-888888888
25,3517,17,031,030101,2047,50696,60693,-888888888
26,3052,17,031,030102,1878,55067,72680,-888888888
27,2297,17,031,030103,1030,53684,69655,-888888888
28,3106,17,031,030104,991,45865,64903,-888888888
29,5554,17,031,030200,2575,91406,125297,-888888888
30,3642,17,031,030300,1490,64662,104818,-888888888
31,2822,17,031,030400,1278,97143,120554,-888888888
32,6344,17,031,030500,2983,109375,130086,-888888888
33,3771,17,031,030601,1883,51808,72628,-888888888
34,2305,17,031,030603,1360,54300,67235,-888888888
35,2921,17,031,030604,2109,49816,77457,-888888888
36,1509,17,031,030701,877,47614,69334,-888888888
37,2266,17,031,030702,1514,69050,98687,-888888888
38,3093,17,031,030703,1914,56667,83375,-888888888
39,2588,17,031,030706,1882,54143,86080,-888888888
40,4236,17,031,030800,2167,96069,140143,-888888888
41,3076,17,031,030900,1481,102309,142833,-888888888
42,3652,17,031,031000,1984,121026,136611,-888888888
43,4898,17,031,031100,2861,79010,91863,-888888888
44,5936,17,031,031200,3457,24389,44581,-888888888
45,6853,17,031,031300,4502,64598,80177,-888888888
46,4685,17,031,031400,3087,82526,104864,-888888888
47,4640,17,031,031501,1996,48889,58597,-888888888
48,4622,17,031,031502,2445,47188,61339,-888888888
49,6119,17,031,031700,3107,84766,106922,-888888888
50,2114,17,031,031800,1041,80873,117380,-888888888
51,2417,17,031,031900,1338,93864,126033,-888888888
52,7279,17,031,032100,4207,69313,90588,-888888888
53,4011,17,031,040100,1875,93576,147901,-888888888
54,6688,17,031,040201,3012,99624,114770,-888888888
55,7965,17,031,040202,2908,58293,77380,-888888888
56,3063,17,031,040300,1149,86979,110847,-888888888
57,3431,17,031,040401,1469,107083,162852,-888888888
58,4581,17,031,040402,2533,94132,118802,-888888888
59,2785,17,031,040600,1283,97596,167954,-888888888
60,3749,17,031,040700,1676,105400,140480,-888888888
61,1577,17,031,040800,768,105500,146418,-888888888
62,2006,17,031,040900,1167,79803,127858,-888888888
63,2513,17,031,050100,1160,123929,174225,-888888888
64,5546,17,031,050200,2061,138546,222480,-888888888
65,2829,17,031,050300,1086,163625,214968,-888888888
66,5199,17,031,050500,1996,142548,228758,-888888888
67,2232,17,031,050600,1151,109188,185133,-888888888
68,1456,17,031,050700,671,125438,183216,-888888888
69,1398,17,031,050800,513,172888,246356,-888888888
70,1388,17,031,050900,608,130769,192994,-888888888
71,1707,17,031,051000,718,180500,235613,-888888888
72,1905,17,031,051100,727,159145,200710,-888888888
73,1576,17,031,051200,637,166771,235758,-888888888
74,3077,17,031,051300,1072,218403,278749,-888888888
75,2535,17,031,051400,1029,154044,205026,-888888888
76,3178,17,031,060100,1273,135272,245387,-888888888
77,2147,17,031,060200,1140,89167,166001,-888888888
78,2821,17,031,060300,1181,140125,204045,-888888888
79,3691,17,031,060400,1613,162011,205674,-888888888
80,1287,17,031,060500,695,54250,158485,-888888888
81,5319,17,031,060800,3598,81156,105194,-888888888
82,6943,17,031,060900,4795,83601,104703,-888888888
83,2324,17,031,061000,1109,127872,151759,-888888888
84,1436,17,031,061100,724,108158,141073,-888888888
85,2052,17,031,061200,869,109479,198330,-888888888
86,2023,17,031,061500,894,133000,183667,-888888888
87,1204,17,031,061800,735,69250,73182,-888888888
88,3517,17,031,061901,2593,61563,90295,-888888888
89,4938,17,031,061902,2916,86805,131037,-888888888
90,2890,17,031,062000,1644,110250,136870,-888888888
91,3646,17,031,062100,2009,99212,154347,-888888888
92,3152,17,031,062200,1274,198333,252381,-888888888
93,1609,17,031,062300,609,227750,351372,-888888888
94,1799,17,031,062400,762,162500,251048,-888888888
95,1420,17,031,062500,681,145903,194759,-888888888
96,2371,17,031,062600,934,195357,332165,-888888888
97,3046,17,031,062700,1331,151080,221030,-888888888
98,3682,17,031,062800,1504,166538,281006,-888888888
99,4138,17,031,062900,1901,159088,206670,-888888888
100,3280,17,031,063000,1836,104052,143860,-888888888
101,2352,17,031,063100,1386,99483,151514,-888888888
102,6380,17,031,063200,4413,81020,146398,-888888888
103,2992,17,031,063301,2032,66447,95110,-888888888
104,4102,17,031,063302,2769,94173,115270,-888888888
105,1198,17,031,063303,866,102500,164283,-888888888
106,2435,17,031,063400,1334,95833,151440,-888888888
107,4583,17,031,070101,2689,93523,165922,-888888888
108,2980,17,031,070102,1902,92641,202831,-888888888
109,1439,17,031,070103,1129,78125,86087,-888888888
110,4019,17,031,070200,2107,108083,162815,-888888888
111,3818,17,031,070300,1667,191051,243257,-888888888
112,3421,17,031,070400,1457,243795,334726,-888888888
113,3185,17,031,070500,1266,186757,286665,-888888888
114,3194,17,031,070600,1201,250001,346667,-888888888
115,3741,17,031,070700,1692,160000,229087,-888888888
116,4525,17,031,071000,996,202115,298105,-888888888
117,3186,17,031,071100,1091,206304,330664,-888888888
118,2386,17,031,071200,1118,125581,202944,-888888888
119,4129,17,031,071300,2152,118878,197805,-888888888
120,4763,17,031,071400,2951,118295,184990,-888888888
121,5991,17,031,071500,3678,115993,164803,-888888888
122,1903,17,031,071600,742,230313,349081,-888888888
123,1485,17,031,071700,585,149625,245010,-888888888
124,2726,17,031,071800,1083,211964,355126,-888888888
125,6607,17,031,080100,4209,114681,192134,-888888888
126,3236,17,031,080201,2330,112708,200913,-888888888
127,3800,17,031,080202,2649,103948,199829,-888888888
128,5836,17,031,080300,3063,157112,189349,-888888888
129,4888,17,031,080400,2110,-666666666,179702,-888888888
130,8150,17,031,081000,5052,79556,112652,-888888888
131,4455,17,031,081100,2999,82039,121048,-888888888
132,4428,17,031,081201,2881,128955,190691,-888888888
133,3437,17,031,081202,2038,177619,273724,-888888888
134,6014,17,031,081300,3783,116424,179727,-888888888
135,2171,17,031,081401,1452,74432,145520,-888888888
136,5942,17,031,081402,3462,159026,241412,-888888888
137,8987,17,031,081403,6371,114052,166554,-888888888
138,4906,17,031,081500,3365,151626,240682,-888888888
139,3725,17,031,081600,2521,157623,183595,-888888888
140,5217,17,031,081700,3535,132903,164363,-888888888
141,12213,17,031,081800,7384,164091,227569,-888888888
142,1111,17,031,081900,635,195083,242954,-888888888
143,3526,17,031,090100,1386,124667,129100,-888888888
144,6505,17,031,090200,2619,119421,152938,-888888888
145,1371,17,031,090300,510,107639,125291,-888888888
146,5890,17,031,100100,2145,109111,117486,-888888888
147,7564,17,031,100200,2851,107850,131948,-888888888
148,6447,17,031,100300,2659,83271,110106,-888888888
149,3325,17,031,100400,1276,143137,141823,-888888888
150,5814,17,031,100500,2357,109564,140222,-888888888
151,4914,17,031,100600,1870,84000,114887,-888888888
152,5372,17,031,100700,1885,117240,124852,-888888888
153,5776,17,031,110100,2252,96514,110934,-888888888
154,2821,17,031,110200,1302,68824,91851,-888888888
155,5304,17,031,110300,1774,115833,111041,-888888888
156,4501,17,031,110400,1925,81250,98951,-888888888
157,5097,17,031,110501,1939,101220,112742,-888888888
158,3533,17,031,110502,1549,71440,97917,-888888888
159,4400,17,031,120100,1491,160461,218091,-888888888
160,4573,17,031,120200,1746,149306,166311,-888888888
161,7046,17,031,120300,2542,140988,232582,-888888888
162,3836,17,031,120400,1254,111750,142841,-888888888
163,4895,17,031,130100,1752,58068,102310,-888888888
164,1545,17,031,130200,711,104107,117897,-888888888
165,5040,17,031,130300,1792,66154,91619,-888888888
166,3520,17,031,140100,1195,86795,103063,-888888888
167,6603,17,031,140200,1953,72629,82870,-888888888
168,2908,17,031,140301,905,69712,76941,-888888888
169,3311,17,031,140302,1323,62478,85993,-888888888
170,5911,17,031,140400,2100,93036,129378,-888888888
171,3171,17,031,140500,1322,73273,108182,-888888888
172,2762,17,031,140601,826,87045,112991,-888888888
173,4703,17,031,140602,1723,59962,80408,-888888888
174,2990,17,031,140701,1087,92212,98151,-888888888
175,5572,17,031,140702,2106,73571,110413,-888888888
176,6212,17,031,140800,2538,97722,131776,-888888888
177,7263,17,031,150200,2684,91038,117246,-888888888
178,7272,17,031,150300,3077,86290,110770,-888888888
179,5146,17,031,150401,1824,77908,100192,-888888888
180,3945,17,031,150402,1348,97986,110518,-888888888
181,3854,17,031,150501,1496,122434,133180,-888888888
182,3953,17,031,150502,1536,72500,98137,-888888888
183,4223,17,031,150600,1432,81923,94825,-888888888
184,4453,17,031,150700,1382,100862,110148,-888888888
185,4668,17,031,150800,1618,85714,107816,-888888888
186,2816,17,031,151001,886,93879,100251,-888888888
187,4892,17,031,151002,1572,75893,100403,-888888888
188,5447,17,031,151100,1855,77521,95330,-888888888
189,4057,17,031,151200,1334,88939,93437,-888888888
190,2757,17,031,160100,1024,107137,125690,-888888888
191,3356,17,031,160200,1276,124364,163557,-888888888
192,3685,17,031,160300,1883,77721,102349,-888888888
193,5171,17,031,160400,2101,72325,98658,-888888888
194,3270,17,031,160501,1312,73946,95686,-888888888
195,4012,17,031,160502,1542,100147,125006,-888888888
196,3003,17,031,160601,1488,83333,109657,-888888888
197,3757,17,031,160602,1576,84955,113193,-888888888
198,6265,17,031,160700,2460,92614,129645,-888888888
199,5236,17,031,160800,1863,82691,100592,-888888888
200,2420,17,031,160900,1089,114861,146812,-888888888
201,1986,17,031,161000,800,102159,164450,-888888888
202,2024,17,031,161100,758,158393,205406,-888888888
203,2873,17,031,161200,1097,70391,93710,-888888888
204,3769,17,031,161300,1557,53969,70241,-888888888
205,2030,17,031,170100,1146,46571,62674,-888888888
206,3752,17,031,170200,1216,105855,112314,-888888888
207,4981,17,031,170300,1821,85774,113125,-888888888
208,3989,17,031,170400,1666,103016,109344,-888888888
209,5161,17,031,170500,2066,87786,105234,-888888888
210,2490,17,031,170600,948,76346,112452,-888888888
211,3260,17,031,170700,1167,82868,81469,-888888888
212,4009,17,031,170800,1461,64769,99394,-888888888
213,1970,17,031,170900,652,68500,78931,-888888888
214,6829,17,031,171000,2751,81950,101215,-888888888
215,4103,17,031,171100,1305,92383,106488,-888888888
216,6544,17,031,180100,2198,83920,110371,-888888888
217,2338,17,031,190100,808,61250,72612,-888888888
218,5858,17,031,190200,1599,80576,100344,-888888888
219,5289,17,031,190300,2008,69309,78519,-888888888
220,4119,17,031,190401,1278,92639,111462,-888888888
221,4896,17,031,190402,1783,56523,72158,-888888888
222,3986,17,031,190601,998,71176,89666,-888888888
223,5554,17,031,190602,1587,61308,77241,-888888888
224,2835,17,031,190701,866,64063,76547,-888888888
225,4707,17,031,190702,1505,50457,77791,-888888888
226,6049,17,031,190800,1974,52404,71172,-888888888
227,1869,17,031,190900,616,61500,61613,-888888888
228,2556,17,031,191000,766,63611,74011,-888888888
229,6651,17,031,191100,1950,50513,64241,-888888888
230,3775,17,031,191200,1099,57292,67755,-888888888
231,5211,17,031,191301,1617,55759,78903,-888888888
232,4439,17,031,191302,1207,55072,79605,-888888888
233,3666,17,031,200100,1298,68393,87577,-888888888
234,4435,17,031,200200,1638,64583,76811,-888888888
235,1866,17,031,200300,693,50515,70605,-888888888
236,3408,17,031,200401,957,70046,91476,-888888888
237,5072,17,031,200402,1319,77288,89666,-888888888
238,4194,17,031,210100,1714,107717,146036,-888888888
239,2491,17,031,210400,856,63077,88720,-888888888
240,2866,17,031,210501,1450,61678,80037,-888888888
241,4412,17,031,210502,1528,74855,101125,-888888888
242,2818,17,031,210601,1110,93547,130631,-888888888
243,4362,17,031,210602,1643,102625,113982,-888888888
244,3724,17,031,210700,1470,93026,115163,-888888888
245,1142,17,031,210800,440,96579,115574,-888888888
246,3174,17,031,210900,1487,109844,134506,-888888888
247,1998,17,031,220300,897,100461,126800,-888888888
248,2670,17,031,220400,1199,114803,172177,-888888888
249,2810,17,031,220500,1331,94867,125174,-888888888
250,1538,17,031,220601,738,120427,143845,-888888888
251,4316,17,031,220602,2587,61875,95281,-888888888
252,3077,17,031,220701,1167,75625,93474,-888888888
253,3959,17,031,220702,1645,79969,95472,-888888888
254,3090,17,031,220901,1077,62917,78888,-888888888
255,3194,17,031,220902,994,73239,93940,-888888888
256,2571,17,031,221000,1079,82102,92608,-888888888
257,4542,17,031,221100,1979,87478,117130,-888888888
258,2865,17,031,221200,1250,128243,179126,-888888888
259,3011,17,031,221300,1460,81264,118620,-888888888
260,3083,17,031,221400,1515,104583,155038,-888888888
261,2767,17,031,221500,1344,62500,112551,-888888888
262,3389,17,031,221600,1423,135236,186351,-888888888
263,2243,17,031,222200,1001,184727,232195,-888888888
264,1468,17,031,222500,563,147582,173459,-888888888
265,1608,17,031,222600,767,90313,126807,-888888888
266,2202,17,031,222700,812,80391,101565,-888888888
267,1052,17,031,222800,452,84239,82475,-888888888
268,986,17,031,222900,375,100847,126381,-888888888
269,1636,17,031,230100,624,90833,124666,-888888888
270,1977,17,031,230200,680,72083,115940,-888888888
271,905,17,031,230300,252,58696,76836,-888888888
272,2116,17,031,230400,739,51495,73303,-888888888
273,3080,17,031,230500,1258,28413,45136,-888888888
274,8977,17,031,230600,2037,55304,77295,-888888888
275,5773,17,031,230700,2005,32576,49285,-888888888
276,1029,17,031,230800,362,68485,75156,-888888888
277,4903,17,031,230900,2024,70926,94807,-888888888
278,1362,17,031,231100,418,60333,84209,-888888888
279,5957,17,031,231200,2078,39917,46185,-888888888
280,5809,17,031,231500,2220,37237,55502,-888888888
281,1966,17,031,240200,811,166458,268258,-888888888
282,1272,17,031,240300,607,161125,308247,-888888888
283,2515,17,031,240500,1322,171962,205825,-888888888
284,1639,17,031,240600,713,157938,217827,-888888888
285,1634,17,031,240700,717,102102,158065,-888888888
286,1480,17,031,240800,654,130278,156857,-888888888
287,1093,17,031,240900,536,76429,89341,-888888888
288,1792,17,031,241000,826,90185,115738,-888888888
289,3650,17,031,241100,1544,92927,126288,-888888888
290,1698,17,031,241200,869,131875,160378,-888888888
291,1888,17,031,241300,767,167292,212919,-888888888
292,5584,17,031,241400,2480,178434,239788,-888888888
293,2823,17,031,241500,1295,173393,216213,-888888888
294,3397,17,031,241600,1702,111458,132869,-888888888
295,4378,17,031,242000,2232,145583,157611,-888888888
296,3817,17,031,242100,2000,179015,188175,-888888888
297,4014,17,031,242200,1911,164025,204337,-888888888
298,3805,17,031,242300,1724,104397,152552,-888888888
299,2705,17,031,242400,1492,103095,135523,-888888888
300,3255,17,031,242500,1537,81875,103158,-888888888
301,5512,17,031,242600,2596,79583,100806,-888888888
302,1837,17,031,242700,795,61964,98402,-888888888
303,1450,17,031,242800,670,139500,195694,-888888888
304,2032,17,031,242900,851,143750,190162,-888888888
305,2223,17,031,243000,1059,113125,145183,-888888888
306,2159,17,031,243100,947,114464,205222,-888888888
307,2329,17,031,243200,1069,136094,183832,-888888888
308,2285,17,031,243300,1317,128375,167576,-888888888
309,2931,17,031,243400,1424,124773,133769,-888888888
310,4567,17,031,243500,2315,160370,189632,-888888888
311,3051,17,031,250200,901,49327,77012,-888888888
312,4844,17,031,250300,1604,47550,78121,-888888888
313,5513,17,031,250400,2030,46709,90070,-888888888
314,6903,17,031,250500,2805,119514,116025,-888888888
315,4542,17,031,250600,1290,65486,90346,-888888888
316,6466,17,031,250700,2239,44624,53726,-888888888
317,2693,17,031,250800,787,63047,59412,-888888888
318,1380,17,031,251000,426,31690,46183,-888888888
319,4544,17,031,251100,1754,38350,55873,-888888888
320,3840,17,031,251200,1200,46483,68195,-888888888
321,4915,17,031,251300,1498,38920,60818,-888888888
322,3712,17,031,251400,2130,22029,42812,-888888888
323,4324,17,031,251500,1357,40077,54174,-888888888
324,4456,17,031,251600,1240,35417,50888,-888888888
325,1291,17,031,251700,422,52763,58559,-888888888
326,5399,17,031,251800,1740,30341,36511,-888888888
327,5086,17,031,251900,2344,26300,45550,-888888888
328,6308,17,031,252000,2584,29596,49213,-888888888
329,1492,17,031,252101,683,35574,71928,-888888888
330,7020,17,031,252102,2203,47255,50326,-888888888
331,3258,17,031,252201,1063,47979,68614,-888888888
332,4945,17,031,252202,1828,41167,56396,-888888888
333,1016,17,031,260100,592,18906,35205,-888888888
334,1232,17,031,260200,372,45857,58156,-888888888
335,1878,17,031,260300,574,20739,44295,-888888888
336,939,17,031,260400,455,-666666666,31897,-888888888
337,1767,17,031,260500,623,39102,44600,-888888888
338,2398,17,031,260600,691,47708,56433,-888888888
339,1524,17,031,260700,555,42917,66449,-888888888
340,2001,17,031,260800,673,39696,53066,-888888888
341,1351,17,031,260900,426,19417,33681,-888888888
342,2268,17,031,261000,949,45086,51081,-888888888
343,1380,17,031,270500,625,19717,29728,-888888888
344,1384,17,031,271200,393,32401,57684,-888888888
345,964,17,031,271300,360,23900,45278,-888888888
346,1359,17,031,271400,515,40670,50930,-888888888
347,1470,17,031,271500,528,42171,63720,-888888888
348,656,17,031,271800,236,58167,76111,-888888888
349,7730,17,031,280100,5289,136378,185917,-888888888
350,1423,17,031,280400,544,44414,64321,-888888888
351,852,17,031,280800,387,21103,54064,-888888888
352,1122,17,031,280900,379,47784,242040,-888888888
353,6749,17,031,281900,4133,135243,158464,-888888888
354,2243,17,031,282700,957,79330,99450,-888888888
355,1498,17,031,282800,562,81286,108778,-888888888
356,2729,17,031,283100,1353,44129,70689,-888888888
357,1727,17,031,283200,778,57055,90727,-888888888
358,3504,17,031,283800,1631,77422,96385,-888888888
359,4241,17,031,290900,1388,34349,45439,-888888888
360,1312,17,031,291200,659,24120,45975,-888888888
361,1429,17,031,291600,562,120207,106676,-888888888
362,2540,17,031,292200,975,33736,59985,-888888888
363,1765,17,031,292400,693,41875,87084,-888888888
364,3461,17,031,292500,1518,52500,52956,-888888888
365,3240,17,031,300500,954,50329,65170,-888888888
366,2844,17,031,300600,943,48915,56451,-888888888
367,4791,17,031,300700,1668,46554,58349,-888888888
368,4192,17,031,300800,1207,29684,39263,-888888888
369,3937,17,031,300900,1582,32766,44827,-888888888
370,2409,17,031,301100,769,34608,48552,-888888888
371,5209,17,031,301200,1510,50040,70963,-888888888
372,3247,17,031,301600,1420,28442,42609,-888888888
373,4205,17,031,301701,1406,52115,70433,-888888888
374,4086,17,031,301702,1283,43632,66207,-888888888
375,4086,17,031,301801,1185,35779,44565,-888888888
376,2623,17,031,301802,849,33668,57169,-888888888
377,3168,17,031,301803,1203,36020,54767,-888888888
378,1824,17,031,310200,750,133382,144783,-888888888
379,1836,17,031,310300,784,66683,97581,-888888888
380,1456,17,031,310400,660,77991,96438,-888888888
381,1599,17,031,310500,618,58321,68381,-888888888
382,5542,17,031,310600,2349,73508,78978,-888888888
383,1354,17,031,310700,600,62647,72196,-888888888
384,4633,17,031,310800,1739,63779,76829,-888888888
385,4914,17,031,310900,1847,78287,90817,-888888888
386,8705,17,031,320101,5038,119616,228021,-888888888
387,5429,17,031,320102,2548,162021,214295,-888888888
388,3004,17,031,320400,812,162143,257941,-888888888
389,6116,17,031,320600,3653,108320,136715,-888888888
390,5011,17,031,330101,2740,177254,204223,-888888888
391,9617,17,031,330102,6171,112762,145089,-888888888
392,8471,17,031,330103,4812,125175,160437,-888888888
393,3969,17,031,330200,1786,128000,189624,-888888888
394,1698,17,031,340300,693,47519,63028,-888888888
395,1630,17,031,340400,685,49309,66349,-888888888
396,1558,17,031,340500,955,57720,68440,-888888888
397,1317,17,031,340600,474,19348,29894,-888888888
398,2439,17,031,350100,1509,61620,89042,-888888888
399,1777,17,031,350400,674,22292,35092,-888888888
400,3526,17,031,351000,2419,54688,66755,-888888888
401,2160,17,031,351100,1069,18220,26162,-888888888
402,1569,17,031,351400,815,-666666666,42949,-888888888
403,946,17,031,351500,380,63235,75492,-888888888
404,1672,17,031,360200,757,26638,34911,-888888888
405,1928,17,031,380100,1121,-666666666,76030,-888888888
406,1723,17,031,380200,1236,25167,79193,-888888888
407,4025,17,031,380600,2006,25455,63055,-888888888
408,1906,17,031,381200,1023,44757,71843,-888888888
409,1615,17,031,381400,756,34300,50119,-888888888
410,670,17,031,381500,422,23288,40091,-888888888
411,0,17,031,381700,0,-666666666,-666666666,-888888888
412,1483,17,031,381800,765,46813,61684,-888888888
413,1348,17,031,381900,587,58803,63179,-888888888
414,1854,17,031,390100,774,65833,103318,-888888888
415,2178,17,031,390200,889,104441,140077,-888888888
416,2664,17,031,390300,1597,19475,46804,-888888888
417,2289,17,031,390400,1414,27232,70189,-888888888
418,1766,17,031,390500,885,58194,148937,-888888888
419,1824,17,031,390600,884,76806,157740,-888888888
420,6062,17,031,390700,3541,67832,104991,-888888888
421,1361,17,031,400300,631,84293,72175,-888888888
422,2204,17,031,400400,948,40066,43420,-888888888
423,2634,17,031,400500,1122,22463,40781,-888888888
424,2768,17,031,400800,1280,21029,28806,-888888888
425,2251,17,031,410100,1424,51471,92572,-888888888
426,1281,17,031,410200,762,51739,68108,-888888888
427,3405,17,031,410500,1660,70833,101584,-888888888
428,2249,17,031,410600,1141,39461,94474,-888888888
429,2541,17,031,410700,1254,45972,69027,-888888888
430,2890,17,031,410800,1736,58396,69030,-888888888
431,3527,17,031,410900,1863,71315,113002,-888888888
432,3931,17,031,411000,2406,52596,118846,-888888888
433,2388,17,031,411100,984,123750,164282,-888888888
434,1643,17,031,411200,777,111058,283323,-888888888
435,1629,17,031,420100,859,21275,35442,-888888888
436,1796,17,031,420200,664,30461,59047,-888888888
437,2495,17,031,420300,675,38583,55625,-888888888
438,1327,17,031,420400,709,32938,49319,-888888888
439,2040,17,031,420500,1052,25298,39464,-888888888
440,2663,17,031,420600,986,34643,59987,-888888888
441,2274,17,031,420700,1165,24785,35484,-888888888
442,2322,17,031,420800,943,44375,56278,-888888888
443,1986,17,031,421200,689,41910,40916,-888888888
444,3468,17,031,430101,1773,32264,55234,-888888888
445,3542,17,031,430102,2428,50625,52111,-888888888
446,5455,17,031,430200,2703,33183,86789,-888888888
447,2611,17,031,430300,1041,36467,89018,-888888888
448,2999,17,031,430400,1342,36917,47499,-888888888
449,3882,17,031,430500,1839,28528,49257,-888888888
450,2218,17,031,430600,837,54375,89127,-888888888
451,2256,17,031,430700,1281,30561,72572,-888888888
452,2016,17,031,430800,813,45221,71522,-888888888
453,1681,17,031,430900,879,38173,56772,-888888888
454,2399,17,031,431200,1278,57845,79209,-888888888
455,3555,17,031,431301,1354,36867,46514,-888888888
456,3788,17,031,431302,1677,32031,45903,-888888888
457,7565,17,031,431400,3427,37122,48384,-888888888
458,3986,17,031,440101,2388,28877,31717,-888888888
459,3320,17,031,440102,1987,40565,44475,-888888888
460,6096,17,031,440201,2474,34355,60003,-888888888
461,2763,17,031,440202,1595,31537,48727,-888888888
462,4650,17,031,440300,2109,46747,81613,-888888888
463,1612,17,031,440600,709,58631,69473,-888888888
464,1453,17,031,440700,544,77300,74818,-888888888
465,1877,17,031,440800,687,35292,56690,-888888888
466,2377,17,031,440900,1029,39730,61623,-888888888
467,3461,17,031,450300,1526,51990,63891,-888888888
468,2650,17,031,460100,995,47790,57729,-888888888
469,1880,17,031,460200,918,28487,40708,-888888888
470,3189,17,031,460301,1207,31831,52394,-888888888
471,4212,17,031,460302,1250,50056,59533,-888888888
472,3682,17,031,460400,1314,68475,80674,-888888888
473,6284,17,031,460500,2771,68207,76795,-888888888
474,4376,17,031,460800,1400,32654,37957,-888888888
475,1346,17,031,461000,711,17182,35031,-888888888
476,2246,17,031,470100,997,45855,66852,-888888888
477,2161,17,031,480100,941,72171,79450,-888888888
478,1057,17,031,480200,603,54338,76025,-888888888
479,1131,17,031,480300,483,57839,69566,-888888888
480,5013,17,031,480400,2325,83567,93179,-888888888
481,2725,17,031,480500,1177,46250,73923,-888888888
482,2944,17,031,490200,1387,63175,70417,-888888888
483,1775,17,031,490500,743,67135,81086,-888888888
484,1446,17,031,490600,556,63947,81305,-888888888
485,2459,17,031,490700,889,44792,56687,-888888888
486,3705,17,031,490800,1294,51591,70340,-888888888
487,3084,17,031,490901,1254,35038,43660,-888888888
488,4697,17,031,490902,1774,67428,72677,-888888888
489,3417,17,031,491000,1167,22438,38103,-888888888
490,4205,17,031,491100,1368,68155,75297,-888888888
491,1932,17,031,491200,669,53586,70820,-888888888
492,2131,17,031,491300,602,40700,57949,-888888888
493,2541,17,031,491400,1033,36480,52830,-888888888
494,3231,17,031,500100,1577,71108,76296,-888888888
495,1831,17,031,500200,771,38451,43571,-888888888
496,1794,17,031,500300,920,48469,68453,-888888888
497,3639,17,031,510100,1221,56806,60850,-888888888
498,3714,17,031,510200,1251,55417,79153,-888888888
499,4640,17,031,510300,1908,30607,52486,-888888888
500,2062,17,031,520100,497,57446,69339,-888888888
501,3652,17,031,520200,1198,58438,62834,-888888888
502,5925,17,031,520300,1991,50276,62774,-888888888
503,4393,17,031,520400,1452,49505,80676,-888888888
504,5171,17,031,520500,1512,87381,111371,-888888888
505,2739,17,031,520600,771,99688,94608,-888888888
506,1915,17,031,530100,821,38027,45376,-888888888
507,4358,17,031,530200,1454,41464,59380,-888888888
508,3484,17,031,530300,1528,53574,59005,-888888888
509,2356,17,031,530400,816,80147,85301,-888888888
510,5118,17,031,530501,1805,39632,65393,-888888888
511,1464,17,031,530502,584,63621,65617,-888888888
512,4369,17,031,530503,1525,47262,68142,-888888888
513,2385,17,031,530600,954,38304,59167,-888888888
514,4460,17,031,540101,1647,16712,29274,-888888888
515,3357,17,031,540102,1283,28711,45502,-888888888
516,6201,17,031,550100,2668,-666666666,70755,-888888888
517,2824,17,031,550200,1057,70197,86495,-888888888
518,1284,17,031,560100,342,59286,136739,-888888888
519,1372,17,031,560200,542,46979,65090,-888888888
520,3079,17,031,560300,1081,56250,86537,-888888888
521,1744,17,031,560400,489,77125,82804,-888888888
522,3584,17,031,560700,1289,78411,85254,-888888888
523,6003,17,031,560800,1932,103098,122481,-888888888
524,5131,17,031,560900,1849,117188,120608,-888888888
525,6040,17,031,561000,2276,106375,110433,-888888888
526,5888,17,031,561100,2276,95926,110895,-888888888
527,1421,17,031,570100,455,52212,63052,-888888888
528,2084,17,031,570200,806,-666666666,73050,-888888888
529,5951,17,031,570300,1814,50641,78635,-888888888
530,1712,17,031,570400,600,75125,87181,-888888888
531,2699,17,031,570500,775,77772,80058,-888888888
532,2662,17,031,580100,946,51111,75455,-888888888
533,2988,17,031,580200,856,39865,61218,-888888888
534,2569,17,031,580300,790,61974,74135,-888888888
535,4672,17,031,580400,1482,55355,81659,-888888888
536,4716,17,031,580501,1594,45854,68320,-888888888
537,4932,17,031,580502,1487,46853,61829,-888888888
538,5402,17,031,580600,1676,59631,72703,-888888888
539,6137,17,031,580700,1669,57269,78705,-888888888
540,2096,17,031,580800,558,63333,74527,-888888888
541,1672,17,031,590500,740,69697,89018,-888888888
542,3813,17,031,590600,1430,65192,77473,-888888888
543,2914,17,031,590700,1018,76667,91235,-888888888
544,3963,17,031,600400,1593,62599,73302,-888888888
545,2953,17,031,600600,1195,60625,69121,-888888888
546,2870,17,031,600700,1207,65342,72933,-888888888
547,3733,17,031,600900,1422,68526,82412,-888888888
548,5670,17,031,610300,2134,38984,49163,-888888888
549,1888,17,031,610400,585,37480,60897,-888888888
550,1521,17,031,610800,559,86705,97279,-888888888
551,2072,17,031,611200,773,32793,43771,-888888888
552,3409,17,031,611300,1043,45283,53409,-888888888
553,3587,17,031,611400,1003,29194,50613,-888888888
554,3273,17,031,611500,961,40960,58218,-888888888
555,1995,17,031,611600,536,-666666666,50097,-888888888
556,1847,17,031,611700,759,21701,44616,-888888888
557,2186,17,031,611800,724,-666666666,98276,-888888888
558,1559,17,031,611900,534,34000,41024,-888888888
559,1317,17,031,612000,516,47300,52933,-888888888
560,1018,17,031,612100,367,27583,45674,-888888888
561,3687,17,031,612200,1137,41514,52816,-888888888
562,4798,17,031,620100,1215,68438,99927,-888888888
563,1948,17,031,620200,760,62250,80804,-888888888
564,7080,17,031,620300,2273,67292,97160,-888888888
565,4540,17,031,620400,1298,53575,70177,-888888888
566,4167,17,031,630300,1419,51920,67722,-888888888
567,6003,17,031,630400,1775,39828,55945,-888888888
568,5989,17,031,630500,1647,48986,62152,-888888888
569,2746,17,031,630600,856,51643,64390,-888888888
570,6361,17,031,630800,1772,68558,79140,-888888888
571,4856,17,031,630900,1500,41600,58481,-888888888
572,1348,17,031,640100,470,51579,74928,-888888888
573,6897,17,031,640300,2302,79750,94345,-888888888
574,3309,17,031,640400,1195,90142,96390,-888888888
575,4132,17,031,640500,1606,72813,93213,-888888888
576,4427,17,031,640600,1762,79231,84387,-888888888
577,3110,17,031,640700,1020,72297,84942,-888888888
578,1505,17,031,640800,577,38365,73364,-888888888
579,4622,17,031,650100,1434,59966,78987,-888888888
580,7211,17,031,650200,2193,92357,95507,-888888888
581,4863,17,031,650301,1560,59569,83943,-888888888
582,4945,17,031,650302,1229,60739,74966,-888888888
583,6794,17,031,650400,1636,72308,82135,-888888888
584,4159,17,031,650500,1572,66818,90600,-888888888
585,1761,17,031,660301,601,24628,40330,-888888888
586,4612,17,031,660302,1441,44329,54953,-888888888
587,4719,17,031,660400,1565,44297,62085,-888888888
588,4284,17,031,660500,1398,42247,62190,-888888888
589,5849,17,031,660600,2018,36729,49469,-888888888
590,1617,17,031,660700,634,33347,43265,-888888888
591,5832,17,031,660800,2212,41099,58545,-888888888
592,5631,17,031,660900,1643,41032,61192,-888888888
593,5424,17,031,661000,2137,46066,63402,-888888888
594,7186,17,031,661100,1933,78778,93109,-888888888
595,1472,17,031,670100,447,24583,34589,-888888888
596,724,17,031,670200,356,34459,43826,-888888888
597,1332,17,031,670300,413,30179,47394,-888888888
598,1616,17,031,670400,617,32083,46578,-888888888
599,1004,17,031,670500,358,30313,47391,-888888888
600,1174,17,031,670600,367,37621,62834,-888888888
601,1092,17,031,670700,312,35500,41881,-888888888
602,1022,17,031,670800,425,39297,52428,-888888888
603,1246,17,031,670900,548,29906,52518,-888888888
604,915,17,031,671100,373,15159,26073,-888888888
605,840,17,031,671200,268,40286,51133,-888888888
606,1657,17,031,671300,742,28056,36279,-888888888
607,1299,17,031,671400,565,26080,44869,-888888888
608,2308,17,031,671500,930,34167,51175,-888888888
609,1709,17,031,671600,707,21063,34705,-888888888
610,1128,17,031,671800,378,34470,62545,-888888888
611,1034,17,031,671900,348,-666666666,61380,-888888888
612,3295,17,031,672000,1058,38654,68043,-888888888
613,1474,17,031,680500,553,39306,55353,-888888888
614,1178,17,031,680600,443,50330,54974,-888888888
615,3560,17,031,680900,1908,22846,33447,-888888888
616,2297,17,031,681000,1028,-666666666,28792,-888888888
617,1932,17,031,681100,802,32583,38715,-888888888
618,1883,17,031,681200,763,17338,31528,-888888888
619,2323,17,031,681300,880,17500,29594,-888888888
620,1879,17,031,681400,651,51531,56647,-888888888
621,2303,17,031,690300,736,35319,61692,-888888888
622,2908,17,031,690400,1480,40722,55546,-888888888
623,742,17,031,690500,333,56203,63430,-888888888
624,3809,17,031,690900,1744,41131,55192,-888888888
625,2655,17,031,691000,1221,78375,77989,-888888888
626,2883,17,031,691100,1118,57542,51374,-888888888
627,1984,17,031,691200,870,35551,51586,-888888888
628,2332,17,031,691300,1093,42708,56901,-888888888
629,2701,17,031,691400,1310,38816,51720,-888888888
630,1895,17,031,691500,889,22363,27364,-888888888
631,3874,17,031,700100,1081,78803,91731,-888888888
632,6888,17,031,700200,1884,80096,88427,-888888888
633,6124,17,031,700301,1895,74207,87853,-888888888
634,6003,17,031,700302,1805,83086,90553,-888888888
635,6218,17,031,700401,1883,81065,91953,-888888888
636,3417,17,031,700402,1196,85208,97637,-888888888
637,6565,17,031,700501,2530,66979,73258,-888888888
638,3656,17,031,700502,1191,87543,98105,-888888888
639,1026,17,031,710100,518,23500,32516,-888888888
640,4056,17,031,710200,1739,28091,46445,-888888888
641,1382,17,031,710300,558,54444,61800,-888888888
642,5668,17,031,710400,2229,44858,57952,-888888888
643,4087,17,031,710500,1511,39943,52872,-888888888
644,1720,17,031,710600,915,35865,65634,-888888888
645,3412,17,031,710700,1266,31473,55622,-888888888
646,4536,17,031,710800,1970,30461,34208,-888888888
647,2151,17,031,710900,754,45663,62263,-888888888
648,3779,17,031,711000,1252,58030,68068,-888888888
649,2808,17,031,711100,1048,46667,64781,-888888888
650,4869,17,031,711200,1751,58444,74553,-888888888
651,1618,17,031,711300,666,70223,65400,-888888888
652,2728,17,031,711400,874,53929,70997,-888888888
653,2628,17,031,711500,873,57422,70835,-888888888
654,3370,17,031,720100,1114,151613,206431,-888888888
655,4097,17,031,720200,1579,118836,170717,-888888888
656,3614,17,031,720300,1511,145250,183036,-888888888
657,1872,17,031,720400,697,116406,160013,-888888888
658,1833,17,031,720500,720,110625,138171,-888888888
659,1860,17,031,720600,627,148450,172064,-888888888
660,3135,17,031,720700,1164,118227,148035,-888888888
661,2669,17,031,730100,979,65944,68913,-888888888
662,5671,17,031,730201,2177,62083,71833,-888888888
663,3093,17,031,730202,1027,78819,87009,-888888888
664,1042,17,031,730300,367,49271,60576,-888888888
665,4070,17,031,730400,1434,91284,99116,-888888888
666,4053,17,031,730500,1777,61742,69355,-888888888
667,3570,17,031,730600,1028,75462,91292,-888888888
668,2288,17,031,730700,789,54531,65710,-888888888
669,3075,17,031,740100,1225,109583,123933,-888888888
670,6473,17,031,740200,2138,118444,127105,-888888888
671,5043,17,031,740300,1933,122063,136355,-888888888
672,4530,17,031,740400,1873,93194,111986,-888888888
673,3636,17,031,750100,1514,52109,82690,-888888888
674,3141,17,031,750200,1436,75250,88432,-888888888
675,2546,17,031,750300,968,119000,146334,-888888888
676,2790,17,031,750400,1247,104009,127017,-888888888
677,4761,17,031,750500,1941,52880,83155,-888888888
678,3844,17,031,750600,1301,56504,64503,-888888888
679,4718,17,031,760801,2349,73618,87621,-888888888
680,2191,17,031,760802,1170,81167,93656,-888888888
681,6862,17,031,760803,3059,63155,78894,-888888888
682,6051,17,031,770201,2678,85538,91947,-888888888
683,4557,17,031,770202,1992,78727,92684,-888888888
684,7001,17,031,770300,2717,88614,109371,-888888888
685,4440,17,031,770400,1590,88983,101277,-888888888
686,4225,17,031,770500,1105,54522,59273,-888888888
687,3694,17,031,770601,1149,92569,115654,-888888888
688,4586,17,031,770602,1572,80568,89975,-888888888
689,2290,17,031,770700,1074,65300,93572,-888888888
690,5773,17,031,770800,2021,74557,85027,-888888888
691,4796,17,031,770901,1980,102955,116988,-888888888
692,3816,17,031,770902,1537,81250,92327,-888888888
693,2367,17,031,800100,825,250001,521181,-888888888
694,6420,17,031,800200,2247,214779,332409,-888888888
695,3303,17,031,800300,1127,250001,441190,-888888888
696,3686,17,031,800400,1251,250001,459749,-888888888
697,5576,17,031,800500,1825,250001,433917,-888888888
698,2389,17,031,800600,735,250001,447533,-888888888
699,4850,17,031,800700,1686,250001,369557,-888888888
700,2331,17,031,800800,1031,110156,219021,-888888888
701,4341,17,031,800900,1680,137802,182530,-888888888
702,5261,17,031,801000,2188,146890,231927,-888888888
703,5045,17,031,801100,1600,231919,314468,-888888888
704,3699,17,031,801200,1490,243333,352898,-888888888
705,4448,17,031,801300,1742,142500,252968,-888888888
706,3052,17,031,801400,1157,164120,233386,-888888888
707,6367,17,031,801500,2698,133224,209235,-888888888
708,4423,17,031,801601,1963,98328,176990,-888888888
709,3781,17,031,801603,1471,68594,91142,-888888888
710,5721,17,031,801605,2135,179425,200361,-888888888
711,7456,17,031,801606,2899,158309,219465,-888888888
712,5753,17,031,801607,2065,139865,191033,-888888888
713,6308,17,031,801608,2605,134179,169866,-888888888
714,3568,17,031,801701,1174,220469,260715,-888888888
715,4911,17,031,801702,1689,190288,222543,-888888888
716,6041,17,031,801800,2380,167619,259646,-888888888
717,4362,17,031,801901,1949,105766,163284,-888888888
718,3770,17,031,801902,1231,191319,290905,-888888888
719,4990,17,031,802002,1671,139904,197289,-888888888
720,2517,17,031,802003,882,135625,162601,-888888888
721,6006,17,031,802004,2402,39560,77018,-888888888
722,3717,17,031,802100,1225,163681,239276,-888888888
723,4937,17,031,802200,1937,168105,224941,-888888888
724,5770,17,031,802300,2699,121533,185262,-888888888
725,6076,17,031,802402,2434,79841,120844,-888888888
726,1392,17,031,802403,835,77471,93044,-888888888
727,7492,17,031,802404,3176,67905,83176,-888888888
728,7571,17,031,802503,2673,103365,106035,-888888888
729,6844,17,031,802504,2120,92541,107441,-888888888
730,6371,17,031,802505,2597,69221,86982,-888888888
731,2517,17,031,802506,803,92829,106814,-888888888
732,7230,17,031,802605,3163,120580,137774,-888888888
733,1217,17,031,802607,432,126429,154297,-888888888
734,6009,17,031,802608,2921,88346,117889,-888888888
735,6414,17,031,802609,2706,58711,73625,-888888888
736,1986,17,031,802610,769,127415,132017,-888888888
737,6326,17,031,802701,2206,125370,145108,-888888888
738,5043,17,031,802702,1732,116136,129090,-888888888
739,4689,17,031,802801,1859,131918,159486,-888888888
740,6530,17,031,802802,2322,109038,132227,-888888888
741,6085,17,031,802900,2058,158750,197066,-888888888
742,2701,17,031,803005,1163,104306,132549,-888888888
743,5201,17,031,803007,2136,106316,118152,-888888888
744,4807,17,031,803008,1722,145100,162962,-888888888
745,4686,17,031,803010,1737,114347,133588,-888888888
746,2014,17,031,803012,954,85000,120170,-888888888
747,5724,17,031,803013,2353,105841,121772,-888888888
748,3329,17,031,803014,1437,76045,89024,-888888888
749,4498,17,031,803015,2039,102961,135769,-888888888
750,2560,17,031,803016,937,119188,145526,-888888888
751,6125,17,031,803017,2532,98125,144554,-888888888
752,3448,17,031,803100,1165,152682,193402,-888888888
753,5024,17,031,803200,2137,99556,136445,-888888888
754,5629,17,031,803300,2926,115946,125749,-888888888
755,6745,17,031,803400,2308,140000,179834,-888888888
756,5565,17,031,803500,2219,144036,161392,-888888888
757,6538,17,031,803603,2255,191691,224743,-888888888
758,4375,17,031,803604,1800,88377,113944,-888888888
759,6694,17,031,803605,2507,100506,122633,-888888888
760,4358,17,031,803607,1649,118224,130580,-888888888
761,8110,17,031,803608,3207,129358,147863,-888888888
762,6425,17,031,803611,2109,68958,83928,-888888888
763,3470,17,031,803612,1336,66000,79516,-888888888
764,3891,17,031,803613,1100,73333,87798,-888888888
765,4145,17,031,803614,1579,50865,59799,-888888888
766,2357,17,031,803615,1065,89960,123740,-888888888
767,4789,17,031,803616,2081,91968,137480,-888888888
768,2745,17,031,803701,1359,81581,105389,-888888888
769,6154,17,031,803702,2454,109779,164277,-888888888
770,4159,17,031,803800,1732,121167,138019,-888888888
771,3702,17,031,803901,2041,79034,97081,-888888888
772,3498,17,031,803902,1230,106012,111434,-888888888
773,4672,17,031,804000,1938,88559,100148,-888888888
774,6865,17,031,804102,2435,170819,207669,-888888888
775,5176,17,031,804104,1875,145156,175196,-888888888
776,4219,17,031,804105,1499,152386,186593,-888888888
777,7232,17,031,804106,2607,139139,158840,-888888888
778,4577,17,031,804108,2261,91795,100211,-888888888
779,3138,17,031,804109,1133,155469,159075,-888888888
780,7853,17,031,804202,2846,178385,197915,-888888888
781,3215,17,031,804203,1015,225486,301640,-888888888
782,5281,17,031,804204,1862,149778,219443,-888888888
783,7790,17,031,804305,2713,81277,93171,-888888888
784,6379,17,031,804306,1868,88125,98198,-888888888
785,4752,17,031,804308,2032,79205,99154,-888888888
786,3311,17,031,804309,983,86885,122977,-888888888
787,1888,17,031,804312,621,158467,186285,-888888888
788,6913,17,031,804313,2174,121986,144355,-888888888
789,1409,17,031,804314,622,106410,125678,-888888888
790,2547,17,031,804315,877,98050,110698,-888888888
791,4514,17,031,804316,1628,110667,125176,-888888888
792,6895,17,031,804403,2609,79203,103680,-888888888
793,5567,17,031,804404,1588,86802,94061,-888888888
794,3348,17,031,804405,1021,72031,71978,-888888888
795,5798,17,031,804406,1840,72237,97947,-888888888
796,3644,17,031,804505,1503,84728,97803,-888888888
797,5248,17,031,804506,1995,132679,137262,-888888888
798,2345,17,031,804508,855,65708,76572,-888888888
799,6440,17,031,804509,1645,90174,98520,-888888888
800,5389,17,031,804510,1371,80801,92908,-888888888
801,2234,17,031,804511,737,68516,87890,-888888888
802,3555,17,031,804512,1327,146710,159849,-888888888
803,3753,17,031,804513,1472,151051,156158,-888888888
804,5381,17,031,804514,1693,111713,141437,-888888888
805,6368,17,031,804603,2932,98247,100229,-888888888
806,6349,17,031,804606,2429,136908,158693,-888888888
807,7334,17,031,804607,2432,126192,139060,-888888888
808,3634,17,031,804608,1587,120565,137835,-888888888
809,5993,17,031,804609,2464,110833,174913,-888888888
810,2684,17,031,804610,1245,75191,94432,-888888888
811,4233,17,031,804611,1833,85451,101734,-888888888
812,5947,17,031,804701,2373,78522,89728,-888888888
813,4594,17,031,804705,1706,75563,89094,-888888888
814,2255,17,031,804706,725,116354,133297,-888888888
815,8425,17,031,804709,2987,93586,100967,-888888888
816,3836,17,031,804710,1521,95703,110047,-888888888
817,8272,17,031,804711,2819,83787,94405,-888888888
818,5431,17,031,804712,1877,95590,121400,-888888888
819,5097,17,031,804713,2241,97781,106537,-888888888
820,3269,17,031,804714,1314,104286,141033,-888888888
821,3777,17,031,804715,1232,62183,74982,-888888888
822,4599,17,031,804716,1475,112725,126948,-888888888
823,5381,17,031,804803,1929,88412,100258,-888888888
824,5744,17,031,804804,2476,70750,84902,-888888888
825,6820,17,031,804805,2399,110636,114901,-888888888
826,3765,17,031,804806,1020,91875,102113,-888888888
827,5547,17,031,804807,1877,98906,103295,-888888888
828,2768,17,031,804808,945,133125,139273,-888888888
829,4704,17,031,804809,1621,110219,132015,-888888888
830,6552,17,031,804810,2759,83477,104217,-888888888
831,6319,17,031,804901,2430,132232,146663,-888888888
832,6173,17,031,804902,2246,123337,138960,-888888888
833,4966,17,031,805001,1908,133456,163729,-888888888
834,7434,17,031,805002,3068,71682,81366,-888888888
835,7301,17,031,805105,2910,76679,85247,-888888888
836,2925,17,031,805106,1323,77808,108650,-888888888
837,6304,17,031,805107,3102,58354,76455,-888888888
838,6375,17,031,805108,2605,73575,85846,-888888888
839,4553,17,031,805109,1760,102727,121724,-888888888
840,4441,17,031,805110,2004,99504,112642,-888888888
841,8036,17,031,805111,3004,60470,77699,-888888888
842,3312,17,031,805112,1125,73859,90497,-888888888
843,3953,17,031,805201,1262,108800,137757,-888888888
844,3891,17,031,805202,1589,97946,137122,-888888888
845,3179,17,031,805301,1117,119196,135209,-888888888
846,3896,17,031,805302,1365,103498,114401,-888888888
847,4618,17,031,805401,1592,109500,138098,-888888888
848,4907,17,031,805402,1707,99271,124748,-888888888
849,3518,17,031,805501,1503,131979,191282,-888888888
850,4335,17,031,805502,1764,151131,192620,-888888888
851,4794,17,031,805600,1652,163182,227545,-888888888
852,5361,17,031,805701,2121,157411,188851,-888888888
853,2036,17,031,805702,719,145250,177210,-888888888
854,2360,17,031,805801,1001,115469,164638,-888888888
855,5440,17,031,805802,1942,142031,170414,-888888888
856,4404,17,031,805901,2051,85516,100921,-888888888
857,6402,17,031,805902,2202,144931,184590,-888888888
858,5742,17,031,806001,2575,53893,79135,-888888888
859,7235,17,031,806002,2477,67317,103769,-888888888
860,8661,17,031,806004,3187,64832,105011,-888888888
861,2713,17,031,806005,1068,100375,105540,-888888888
862,4417,17,031,806006,1715,61329,78445,-888888888
863,4325,17,031,806102,1583,108386,116466,-888888888
864,5296,17,031,806103,1992,99701,116173,-888888888
865,4132,17,031,806104,1785,50839,63314,-888888888
866,5130,17,031,806201,2350,69325,81701,-888888888
867,4939,17,031,806202,2533,73491,88885,-888888888
868,4430,17,031,806300,1724,102292,150699,-888888888
869,2396,17,031,806400,846,116628,126216,-888888888
870,2382,17,031,806501,763,65750,72994,-888888888
871,3973,17,031,806502,1458,72182,91700,-888888888
872,3486,17,031,806600,1202,97708,103368,-888888888
873,4266,17,031,806700,1678,114593,168313,-888888888
874,4334,17,031,806801,1638,74004,97011,-888888888
875,3293,17,031,806802,1089,109125,133373,-888888888
876,5524,17,031,806900,2201,84438,111857,-888888888
877,5283,17,031,807000,2074,56434,78369,-888888888
878,3850,17,031,807100,1221,146719,180067,-888888888
879,6056,17,031,807200,1930,97212,121990,-888888888
880,8095,17,031,807300,2969,77307,103693,-888888888
881,6960,17,031,807400,2373,91926,124625,-888888888
882,3325,17,031,807500,1089,141411,154815,-888888888
883,6319,17,031,807600,2173,101432,104551,-888888888
884,6151,17,031,807700,2281,66984,100499,-888888888
885,2718,17,031,807800,842,151538,170123,-888888888
886,4345,17,031,807900,1411,108351,160898,-888888888
887,3584,17,031,808001,1383,93958,136208,-888888888
888,5339,17,031,808002,1875,87460,124692,-888888888
889,3837,17,031,808100,1781,56131,80825,-888888888
890,5806,17,031,808200,1842,84250,99680,-888888888
891,6276,17,031,808301,2616,77500,106778,-888888888
892,4707,17,031,808302,1816,74539,109266,-888888888
893,4297,17,031,808400,1575,116096,124965,-888888888
894,4334,17,031,808500,1475,128254,143695,-888888888
895,2288,17,031,808600,857,156635,242416,-888888888
896,5244,17,031,808702,461,56463,91599,-888888888
897,3921,17,031,808800,1640,159500,365351,-888888888
898,4160,17,031,808900,1733,183893,227703,-888888888
899,4044,17,031,809000,1540,193500,264156,-888888888
900,3287,17,031,809100,1552,107000,189728,-888888888
901,4857,17,031,809200,1680,48839,73999,-888888888
902,4799,17,031,809300,1939,43732,91564,-888888888
903,2879,17,031,809401,1557,105231,154141,-888888888
904,2713,17,031,809402,1415,67014,103118,-888888888
905,4183,17,031,809500,2095,74538,120894,-888888888
906,3226,17,031,809600,1371,76844,126461,-888888888
907,3726,17,031,809700,1267,132875,152033,-888888888
908,2776,17,031,809800,1036,76444,156109,-888888888
909,2760,17,031,809900,1303,119476,187151,-888888888
910,5359,17,031,810000,2762,120809,176026,-888888888
911,4615,17,031,810100,1966,93056,153245,-888888888
912,6699,17,031,810200,2785,71948,95074,-888888888
913,4604,17,031,810301,1510,89390,109342,-888888888
914,3329,17,031,810302,1288,116860,146958,-888888888
915,5726,17,031,810400,2173,131419,153746,-888888888
916,5259,17,031,810501,2051,78798,137011,-888888888
917,5846,17,031,810502,2204,70781,89141,-888888888
918,4783,17,031,810600,1840,66533,90103,-888888888
919,4579,17,031,810701,1885,52331,71734,-888888888
920,4048,17,031,810702,1455,59964,85755,-888888888
921,5309,17,031,810800,1729,95197,114430,-888888888
922,6324,17,031,810900,2614,53679,93744,-888888888
923,4021,17,031,811000,1721,94743,125317,-888888888
924,6876,17,031,811100,2493,66788,71414,-888888888
925,5198,17,031,811200,1890,77912,93003,-888888888
926,4302,17,031,811301,1411,68153,75732,-888888888
927,3988,17,031,811302,1246,63035,71060,-888888888
928,4849,17,031,811401,1414,85577,104309,-888888888
929,4218,17,031,811402,1334,78167,90475,-888888888
930,6210,17,031,811500,2016,77550,90561,-888888888
931,5827,17,031,811600,2290,61162,78016,-888888888
932,3491,17,031,811701,1058,70500,78883,-888888888
933,5516,17,031,811702,1979,62679,79116,-888888888
934,5542,17,031,811800,1787,95236,96535,-888888888
935,6126,17,031,811900,1880,158833,270933,-888888888
936,5442,17,031,812000,2461,138899,207033,-888888888
937,4836,17,031,812100,1623,135234,158087,-888888888
938,3758,17,031,812200,1302,225333,285951,-888888888
939,5184,17,031,812301,3163,87476,108193,-888888888
940,2818,17,031,812302,1111,125625,184952,-888888888
941,3295,17,031,812400,1126,250001,290427,-888888888
942,3427,17,031,812500,1633,71310,114795,-888888888
943,3588,17,031,812600,1900,72269,112971,-888888888
944,2981,17,031,812700,1589,88717,125812,-888888888
945,3398,17,031,812801,1954,73375,109099,-888888888
946,2826,17,031,812802,1264,83783,117289,-888888888
947,4588,17,031,812900,1712,145625,151394,-888888888
948,3828,17,031,813000,1462,144821,170235,-888888888
949,4729,17,031,813100,1879,122014,175207,-888888888
950,4578,17,031,813200,1627,131042,147075,-888888888
951,3292,17,031,813301,997,48958,63812,-888888888
952,2893,17,031,813302,941,51810,65872,-888888888
953,8214,17,031,813400,1947,66799,88099,-888888888
954,6298,17,031,813500,2049,73393,87051,-888888888
955,5712,17,031,813600,1645,64849,73901,-888888888
956,2896,17,031,813701,975,56311,84762,-888888888
957,4719,17,031,813702,1291,69795,93375,-888888888
958,3282,17,031,813801,998,47604,62907,-888888888
959,4386,17,031,813802,1342,64464,73237,-888888888
960,6821,17,031,813900,1778,66161,71107,-888888888
961,4507,17,031,814000,1388,61552,78989,-888888888
962,4793,17,031,814100,1380,47679,70110,-888888888
963,8122,17,031,814200,2277,68380,78938,-888888888
964,4740,17,031,814300,1578,52535,66963,-888888888
965,7652,17,031,814400,2473,62481,72579,-888888888
966,5862,17,031,814500,1541,90564,105119,-888888888
967,5956,17,031,814600,1739,66680,97348,-888888888
968,5071,17,031,814700,1678,87727,97190,-888888888
969,6108,17,031,814800,2470,63677,80772,-888888888
970,6566,17,031,814900,2701,56410,76183,-888888888
971,3839,17,031,815000,1338,75429,90408,-888888888
972,4801,17,031,815100,1523,81198,84899,-888888888
973,7542,17,031,815200,2498,59895,83957,-888888888
974,3538,17,031,815300,1343,95781,110301,-888888888
975,5318,17,031,815400,2435,55347,79098,-888888888
976,7817,17,031,815500,2179,91583,102536,-888888888
977,5462,17,031,815600,2123,59338,93966,-888888888
978,3835,17,031,815701,1412,148424,161145,-888888888
979,5383,17,031,815702,2012,147813,178334,-888888888
980,1720,17,031,815800,672,112667,128276,-888888888
981,4756,17,031,815900,2858,71587,97444,-888888888
982,3441,17,031,816000,1784,91458,126411,-888888888
983,5968,17,031,816100,2686,63315,93900,-888888888
984,4634,17,031,816200,1734,88622,111069,-888888888
985,4861,17,031,816300,1563,69922,80001,-888888888
986,3761,17,031,816401,1146,68818,83859,-888888888
987,4980,17,031,816402,1357,57771,80653,-888888888
988,4045,17,031,816500,1400,58202,74641,-888888888
989,4370,17,031,816600,1164,74070,78204,-888888888
990,2810,17,031,816700,1007,56016,72213,-888888888
991,5536,17,031,816800,2049,78566,85675,-888888888
992,5907,17,031,816900,1746,93947,96558,-888888888
993,4982,17,031,817000,1622,68162,84588,-888888888
994,4802,17,031,817101,1687,58542,69618,-888888888
995,2920,17,031,817102,1056,58910,89056,-888888888
996,4488,17,031,817200,1456,55473,62526,-888888888
997,2868,17,031,817300,818,63558,83217,-888888888
998,3982,17,031,817400,1066,91638,99810,-888888888
999,3470,17,031,817500,1317,58925,70509,-888888888
1000,3460,17,031,817600,1269,52589,64606,-888888888
1001,5117,17,031,817700,1746,80211,86708,-888888888
1002,5875,17,031,817900,2192,60404,75896,-888888888
1003,4153,17,031,818000,1768,51794,85739,-888888888
1004,2253,17,031,818100,919,121328,125034,-888888888
1005,4655,17,031,818200,1963,99302,122138,-888888888
1006,6424,17,031,818300,2014,74615,88660,-888888888
1007,3062,17,031,818401,1362,67235,79519,-888888888
1008,3198,17,031,818402,1631,88550,92166,-888888888
1009,5693,17,031,818500,2379,105026,128668,-888888888
1010,4764,17,031,818600,1943,105146,137683,-888888888
1011,3871,17,031,818700,1540,114922,124814,-888888888
1012,5395,17,031,818800,2118,111096,125481,-888888888
1013,4683,17,031,818900,1919,103090,109054,-888888888
1014,4589,17,031,819000,1496,169015,194176,-888888888
1015,4004,17,031,819100,1893,47316,80105,-888888888
1016,6690,17,031,819200,2100,80052,88467,-888888888
1017,2700,17,031,819300,1047,89276,101520,-888888888
1018,5663,17,031,819400,2356,77553,101935,-888888888
1019,3448,17,031,819500,1493,92337,141814,-888888888
1020,4015,17,031,819600,1391,200114,227115,-888888888
1021,5743,17,031,819700,1794,171719,254723,-888888888
1022,5161,17,031,819801,1606,206848,263077,-888888888
1023,2463,17,031,819802,928,189667,335585,-888888888
1024,3257,17,031,819900,1047,218906,277603,-888888888
1025,2161,17,031,820000,676,250001,392800,-888888888
1026,7998,17,031,820101,3369,131694,182214,-888888888
1027,4279,17,031,820103,1730,86434,133668,-888888888
1028,4466,17,031,820104,1829,78083,120633,-888888888
1029,3291,17,031,820202,1394,73750,85648,-888888888
1030,3696,17,031,820203,1306,136694,204862,-888888888
1031,4332,17,031,820204,2210,109479,197404,-888888888
1032,5771,17,031,820300,1751,55845,89630,-888888888
1033,5265,17,031,820400,1849,49598,74999,-888888888
1034,5286,17,031,820501,1955,68837,88328,-888888888
1035,5841,17,031,820502,2181,56037,69617,-888888888
1036,5255,17,031,820603,1845,65922,83448,-888888888
1037,3546,17,031,820604,1278,47577,69517,-888888888
1038,5617,17,031,820605,1925,56250,69674,-888888888
1039,3975,17,031,820606,1722,96304,109227,-888888888
1040,7031,17,031,820700,2392,67067,80313,-888888888
1041,3431,17,031,820800,1027,83495,101483,-888888888
1042,5010,17,031,820901,1696,73603,97112,-888888888
1043,6142,17,031,820902,1768,103846,107924,-888888888
1044,4872,17,031,821001,1649,61853,84506,-888888888
1045,5133,17,031,821002,1834,65513,97500,-888888888
1046,4860,17,031,821101,1468,81912,98879,-888888888
1047,4589,17,031,821102,1538,81139,105595,-888888888
1048,5323,17,031,821200,2355,38880,55215,-888888888
1049,5853,17,031,821300,2301,51806,62652,-888888888
1050,2722,17,031,821401,998,51310,62403,-888888888
1051,3375,17,031,821402,1232,66522,71796,-888888888
1052,1266,17,031,821500,523,28173,45289,-888888888
1053,4269,17,031,821600,1804,79395,94424,-888888888
1054,4800,17,031,821700,1782,96607,110758,-888888888
1055,5235,17,031,821800,2049,88024,114980,-888888888
1056,5426,17,031,821900,1814,100179,108289,-888888888
1057,4299,17,031,822000,1907,56841,63238,-888888888
1058,4565,17,031,822101,1549,78059,92536,-888888888
1059,4663,17,031,822102,1966,56963,84156,-888888888
1060,3805,17,031,822200,1301,86299,95596,-888888888
1061,3664,17,031,822301,1186,101413,104993,-888888888
1062,4485,17,031,822302,1646,77557,87689,-888888888
1063,6012,17,031,822400,1993,56231,103855,-888888888
1064,4295,17,031,822500,1719,89177,99441,-888888888
1065,4545,17,031,822601,1609,94943,109867,-888888888
1066,7777,17,031,822602,3204,64345,94609,-888888888
1067,4905,17,031,822701,2010,69833,90946,-888888888
1068,3364,17,031,822702,1441,67865,92092,-888888888
1069,3116,17,031,822801,1445,85855,116473,-888888888
1070,3651,17,031,822802,1294,104643,118262,-888888888
1071,2084,17,031,822900,827,72540,86738,-888888888
1072,7263,17,031,823001,2657,66059,71813,-888888888
1073,5196,17,031,823002,1945,75979,85032,-888888888
1074,4317,17,031,823101,1706,53039,69703,-888888888
1075,3771,17,031,823102,1509,67679,78813,-888888888
1076,4749,17,031,823200,1847,72196,88509,-888888888
1077,5705,17,031,823302,2541,51951,67253,-888888888
1078,4255,17,031,823303,1654,80500,90575,-888888888
1079,6282,17,031,823304,2684,55948,75877,-888888888
1080,4646,17,031,823400,1867,62517,69788,-888888888
1081,4426,17,031,823500,1503,68355,91367,-888888888
1082,6164,17,031,823602,2836,81772,97016,-888888888
1083,2292,17,031,823603,548,69881,69659,-888888888
1084,3281,17,031,823604,1183,113073,160405,-888888888
1085,4028,17,031,823605,1417,99299,115436,-888888888
1086,5805,17,031,823702,2537,79981,100739,-888888888
1087,9197,17,031,823703,3040,67681,82129,-888888888
1088,4058,17,031,823704,1417,101282,104526,-888888888
1089,4770,17,031,823705,1665,78185,101060,-888888888
1090,5376,17,031,823801,2086,116797,153596,-888888888
1091,7186,17,031,823803,2566,85109,97201,-888888888
1092,3030,17,031,823805,1483,69096,94298,-888888888
1093,4203,17,031,823806,1785,60241,75967,-888888888
1094,4020,17,031,823901,1644,120227,144972,-888888888
1095,4568,17,031,823903,1746,124348,157225,-888888888
1096,3961,17,031,823904,1667,107052,130691,-888888888
1097,5995,17,031,824003,2062,111438,128838,-888888888
1098,4771,17,031,824004,1948,104620,128285,-888888888
1099,5749,17,031,824005,1993,141287,154643,-888888888
1100,6013,17,031,824006,1964,150469,187333,-888888888
1101,7423,17,031,824105,2778,115000,140836,-888888888
1102,6534,17,031,824106,2348,104886,122683,-888888888
1103,7430,17,031,824107,2750,94178,111759,-888888888
1104,6703,17,031,824113,2434,114318,130293,-888888888
1105,5223,17,031,824114,1875,143071,161392,-888888888
1106,4064,17,031,824115,1556,70179,91216,-888888888
1107,5365,17,031,824116,2317,74060,110166,-888888888
1108,5332,17,031,824119,2238,103354,134069,-888888888
1109,3105,17,031,824121,1258,93380,99792,-888888888
1110,5935,17,031,824122,2274,125690,170144,-888888888
1111,7648,17,031,824123,2815,97852,119152,-888888888
1112,2909,17,031,824124,1157,65250,84612,-888888888
1113,4443,17,031,824125,1464,117917,123677,-888888888
1114,5416,17,031,824126,1984,168194,160660,-888888888
1115,4001,17,031,824127,1444,116087,135024,-888888888
1116,4445,17,031,824128,1714,97778,135191,-888888888
1117,4074,17,031,824129,1653,95953,138284,-888888888
1118,4891,17,031,824300,1404,59423,61733,-888888888
1119,1855,17,031,824400,686,43750,60637,-888888888
1120,6135,17,031,824503,2792,79948,93707,-888888888
1121,6484,17,031,824505,2474,73739,104686,-888888888
1122,3650,17,031,824507,1706,88889,105174,-888888888
1123,3188,17,031,824508,1586,69857,98171,-888888888
1124,5104,17,031,824509,1525,116310,138842,-888888888
1125,4207,17,031,824601,1593,88598,99745,-888888888
1126,6591,17,031,824602,2483,86560,100757,-888888888
1127,3532,17,031,824701,1493,51458,67973,-888888888
1128,5530,17,031,824702,2339,59918,80470,-888888888
1129,7133,17,031,824800,2092,58312,69174,-888888888
1130,2952,17,031,824900,1077,46458,85696,-888888888
1131,4401,17,031,825000,1889,69591,91969,-888888888
1132,1921,17,031,825200,738,83846,93110,-888888888
1133,5472,17,031,825302,2110,101429,113329,-888888888
1134,3995,17,031,825303,1608,78814,98817,-888888888
1135,4192,17,031,825304,1631,92039,108029,-888888888
1136,5502,17,031,825400,2438,91881,96738,-888888888
1137,5493,17,031,825501,1827,63603,110655,-888888888
1138,7559,17,031,825503,2549,63104,72381,-888888888
1139,3222,17,031,825504,1229,64360,87678,-888888888
1140,5346,17,031,825505,1637,69785,83330,-888888888
1141,5332,17,031,825600,1624,52734,69955,-888888888
1142,4028,17,031,825700,1522,53397,66888,-888888888
1143,3448,17,031,825801,1518,41100,52930,-888888888
1144,7239,17,031,825802,2359,70346,77472,-888888888
1145,5761,17,031,825803,2528,63966,75155,-888888888
1146,3442,17,031,825900,1102,60833,74375,-888888888
1147,2724,17,031,826000,1001,60668,63445,-888888888
1148,4698,17,031,826100,2036,50918,65817,-888888888
1149,3837,17,031,826201,2209,41614,53302,-888888888
1150,5662,17,031,826202,1924,59767,76556,-888888888
1151,4365,17,031,826301,1496,65679,74200,-888888888
1152,3646,17,031,826303,1252,77151,87360,-888888888
1153,2947,17,031,826304,1356,50000,59604,-888888888
1154,3337,17,031,826401,1279,52043,63480,-888888888
1155,5109,17,031,826402,1853,49803,70958,-888888888
1156,5599,17,031,826500,2110,53235,73679,-888888888
1157,4872,17,031,826600,1561,41411,56057,-888888888
1158,4390,17,031,826700,1719,48014,51639,-888888888
1159,4942,17,031,826800,1579,57702,63398,-888888888
1160,1728,17,031,826901,655,30215,57551,-888888888
1161,1467,17,031,826902,412,39808,57590,-888888888
1162,3399,17,031,827000,1241,43569,72601,-888888888
1163,1999,17,031,827100,855,34882,53879,-888888888
1164,3571,17,031,827200,1390,55116,70399,-888888888
1165,2363,17,031,827300,833,30547,62828,-888888888
1166,2781,17,031,827400,1155,35030,48891,-888888888
1167,4389,17,031,827500,1420,63619,74423,-888888888
1168,2884,17,031,827600,923,38803,46806,-888888888
1169,2659,17,031,827700,905,47574,53880,-888888888
1170,4938,17,031,827801,1686,76717,82250,-888888888
1171,3064,17,031,827802,1006,90246,91213,-888888888
1172,3037,17,031,827804,1296,65238,73970,-888888888
1173,2645,17,031,827805,1013,84250,99320,-888888888
1174,1936,17,031,827901,754,103958,122907,-888888888
1175,4331,17,031,827902,1598,59826,96758,-888888888
1176,5119,17,031,828000,2044,65227,76897,-888888888
1177,5388,17,031,828100,2061,65190,83465,-888888888
1178,3492,17,031,828201,1545,66514,85354,-888888888
1179,5334,17,031,828202,1923,62917,84822,-888888888
1180,3062,17,031,828300,1415,55375,67849,-888888888
1181,3748,17,031,828401,1334,77143,92355,-888888888
1182,3517,17,031,828402,1509,52768,72382,-888888888
1183,4274,17,031,828503,1406,53438,62789,-888888888
1184,5413,17,031,828504,1650,49692,65435,-888888888
1185,7218,17,031,828505,2752,97463,96974,-888888888
1186,4164,17,031,828507,1336,81611,95526,-888888888
1187,4095,17,031,828508,1713,47321,84319,-888888888
1188,4391,17,031,828601,1677,96006,117139,-888888888
1189,4310,17,031,828602,1426,101371,116539,-888888888
1190,4399,17,031,828701,1385,68785,82661,-888888888
1191,3963,17,031,828702,1448,69342,87524,-888888888
1192,4892,17,031,828801,1711,112774,152953,-888888888
1193,3252,17,031,828802,1084,76591,91378,-888888888
1194,3769,17,031,828900,1228,57174,65519,-888888888
1195,1034,17,031,829000,330,30610,29572,-888888888
1196,3382,17,031,829100,1210,38077,53174,-888888888
1197,5623,17,031,829200,1846,53368,75546,-888888888
1198,4080,17,031,829301,1374,82128,105958,-888888888
1199,3291,17,031,829302,1002,60153,73606,-888888888
1200,948,17,031,829401,317,51161,59145,-888888888
1201,3089,17,031,829402,1263,58244,65350,-888888888
1202,3986,17,031,829500,1590,52115,59770,-888888888
1203,3016,17,031,829600,1199,60878,68929,-888888888
1204,2904,17,031,829700,957,54145,70868,-888888888
1205,6613,17,031,829800,2381,135212,150944,-888888888
1206,7171,17,031,829902,2563,90071,120616,-888888888
1207,4068,17,031,829903,1333,80795,90014,-888888888
1208,4166,17,031,829904,2047,80810,94794,-888888888
1209,2202,17,031,830001,1149,45331,52712,-888888888
1210,8195,17,031,830003,2856,115250,130718,-888888888
1211,6874,17,031,830004,2515,105768,115000,-888888888
1212,3664,17,031,830005,1590,77589,112835,-888888888
1213,2644,17,031,830006,1254,-666666666,59864,-888888888
1214,4947,17,031,830007,1927,56836,71444,-888888888
1215,4234,17,031,830008,1454,108780,119367,-888888888
1216,3199,17,031,830100,1005,78229,95211,-888888888
1217,4822,17,031,830201,2222,40403,57661,-888888888
1218,3800,17,031,830202,1112,86064,89245,-888888888
1219,5062,17,031,830300,2181,39488,52994,-888888888
1220,3778,17,031,830400,1597,59036,60443,-888888888
1221,3948,17,031,830500,1161,59116,74606,-888888888
1222,4788,17,031,830600,2108,59364,76619,-888888888
1223,4249,17,031,830700,2015,64330,87409,-888888888
1224,2415,17,031,830800,1528,75500,103222,-888888888
1225,2957,17,031,830900,1303,121813,172807,-888888888
1226,2224,17,031,831000,1076,177500,225047,-888888888
1227,7191,17,031,831100,2745,96318,108603,-888888888
1228,4710,17,031,831200,1502,55326,75542,-888888888
1229,1176,17,031,831300,399,43144,77778,-888888888
1230,2962,17,031,831400,1075,33210,49849,-888888888
1231,3859,17,031,831500,1407,76914,85548,-888888888
1232,7221,17,031,831600,2567,63839,82346,-888888888
1233,2224,17,031,831700,951,44653,90231,-888888888
1234,7918,17,031,831800,2557,80471,106553,-888888888
1235,3074,17,031,831900,1484,125139,176673,-888888888
1236,1701,17,031,832000,1007,128828,167198,-888888888
1237,3592,17,031,832100,1809,79985,107306,-888888888
1238,3216,17,031,832200,1624,150682,216575,-888888888
1239,1938,17,031,832300,1023,119886,167994,-888888888
1240,3558,17,031,832400,1647,132226,159382,-888888888
1241,3277,17,031,832500,1438,142500,219588,-888888888
1242,4348,17,031,832600,1722,201563,325545,-888888888
1243,2092,17,031,832900,764,75878,120666,-888888888
1244,4677,17,031,833000,2576,192608,236766,-888888888
1245,8469,17,031,833100,4720,160114,190726,-888888888
1246,2686,17,031,833300,1215,85096,117496,-888888888
1247,2696,17,031,833900,763,39602,47559,-888888888
1248,3274,17,031,834000,1118,39194,52817,-888888888
1249,5689,17,031,834200,2132,57270,72053,-888888888
1250,6186,17,031,834300,2583,52973,76867,-888888888
1251,4263,17,031,834400,1912,33768,65819,-888888888
1252,1572,17,031,834500,516,48393,57040,-888888888
1253,1825,17,031,834600,788,26304,51040,-888888888
1254,1344,17,031,834700,642,34250,44329,-888888888
1255,1683,17,031,834800,731,20771,41975,-888888888
1256,905,17,031,834900,612,18500,27593,-888888888
1257,5549,17,031,835000,1980,33857,46725,-888888888
1258,4666,17,031,835100,1332,47049,60590,-888888888
1259,2276,17,031,835200,657,79875,100160,-888888888
1260,1393,17,031,835500,699,18304,31607,-888888888
1261,749,17,031,835600,420,13438,18566,-888888888
1262,1852,17,031,835800,798,79868,83156,-888888888
1263,3022,17,031,836000,1126,77292,102696,-888888888
1264,1827,17,031,836100,782,20948,51728,-888888888
1265,1709,17,031,836200,107,146250,259258,-888888888
1266,1744,17,031,836300,688,64722,97416,-888888888
1267,3783,17,031,836400,1891,24764,75811,-888888888
1268,1522,17,031,836500,779,30944,53312,-888888888
1269,2275,17,031,836600,969,80763,114883,-888888888
1270,2507,17,031,836700,1033,51434,79213,-888888888
1271,2635,17,031,836800,949,19453,33203,-888888888
1272,1994,17,031,836900,609,25650,46419,-888888888
1273,1843,17,031,837000,815,41023,64244,-888888888
1274,1515,17,031,837100,691,48880,70524,-888888888
1275,2515,17,031,837300,919,18949,36739,-888888888
1276,2186,17,031,837400,744,51250,73961,-888888888
1277,2875,17,031,837800,1243,58681,71365,-888888888
1278,2671,17,031,838000,1423,26673,61882,-888888888
1279,1501,17,031,838100,1066,26000,76913,-888888888
1280,1834,17,031,838200,372,83929,210908,-888888888
1281,2483,17,031,838300,1414,112381,165954,-888888888
1282,1518,17,031,838600,613,18537,53314,-888888888
1283,3737,17,031,838700,1565,21834,29650,-888888888
1284,3225,17,031,838800,1132,29120,52372,-888888888
1285,10190,17,031,839000,6110,110306,131070,-888888888
1286,8227,17,031,839100,4727,122978,190450,-888888888
1287,2375,17,031,839200,1476,43090,72543,-888888888
1288,1804,17,031,839500,794,-666666666,95630,-888888888
1289,1965,17,031,839600,982,65062,75240,-888888888
1290,4753,17,031,839700,1933,83498,121903,-888888888
1291,2662,17,031,839800,1121,77560,89268,-888888888
1292,4558,17,031,839900,2099,100217,118365,-888888888
1293,2651,17,031,840000,1067,105481,128404,-888888888
1294,2880,17,031,840100,1148,66765,79770,-888888888
1295,2198,17,031,840200,827,41359,70397,-888888888
1296,3646,17,031,840300,1258,65909,99258,-888888888
1297,3434,17,031,840400,1168,71667,87595,-888888888
1298,3930,17,031,840700,1256,97727,105385,-888888888
1299,3258,17,031,840800,932,45326,58744,-888888888
1300,1148,17,031,841000,665,103750,120743,-888888888
1301,6990,17,031,841100,2838,48542,71346,-888888888
1302,4414,17,031,841200,1727,60498,68537,-888888888
1303,4317,17,031,841300,1916,79744,103308,-888888888
1304,1909,17,031,841500,785,26950,45724,-888888888
1305,1137,17,031,841700,600,24663,46566,-888888888
1306,2330,17,031,841800,894,45294,63531,-888888888
1307,5983,17,031,841900,1592,131803,166671,-888888888
1308,2794,17,031,842000,357,116875,138857,-888888888
1309,7110,17,031,842100,2064,50907,74358,-888888888
1310,3602,17,031,842200,2351,102036,161083,-888888888
1311,3672,17,031,842300,1703,167407,202143,-888888888
1312,3207,17,031,842400,1473,72616,79646,-888888888
1313,2449,17,031,842500,930,27955,37824,-888888888
1314,4540,17,031,842600,1551,90521,106498,-888888888
1315,6069,17,031,842800,2047,49020,57185,-888888888
1316,3216,17,031,842900,1445,19304,46798,-888888888
1317,2399,17,031,843000,1022,23587,34813,-888888888
1318,1564,17,031,843100,481,46659,78969,-888888888
1319,2348,17,031,843200,1015,66172,84221,-888888888
1320,1572,17,031,843300,393,41250,56996,-888888888
1321,1209,17,031,843400,490,32404,48256,-888888888
1322,9398,17,031,843500,257,52875,55261,-888888888
1323,2966,17,031,843600,1478,55250,72656,-888888888
1324,2453,17,031,843700,1017,191384,254636,-888888888
1325,1479,17,031,843800,719,32095,53297,-888888888
1326,3700,17,031,843900,2201,56926,58446,-888888888
1327,2275,17,031,844600,828,54565,81739,-888888888
1328,1753,17,031,844700,647,51298,65597,-888888888
1329,0,17,031,980000,0,-666666666,-666666666,-888888888
1330,0,17,031,980100,0,-666666666,-666666666,-888888888
1331,0,17,031,990000,0,-666666666,-666666666,-888888888
