,CensusTract,LowIncomeTracts_2010,LowIncomeTracts_2015,LowIncomeTracts_2019,LATracts_half_2010,LATracts_half_2015,LATracts_half_2019
0,17001000100,0,0,1,1,1,1
1,17001000201,1,1,1,1,1,1
2,17001000202,0,1,1,1,1,1
3,17001000400,1,1,1,1,1,1
4,17001000500,1,1,1,1,1,1
5,17001000600,0,0,0,1,1,1
6,17001000700,1,1,1,1,1,1
7,17001000800,1,1,1,0,0,0
8,17001000900,1,1,1,1,1,1
9,17001001001,1,0,0,1,1,1
10,17001001002,0,0,0,1,1,1
11,17001001100,0,0,0,1,1,1
12,17001010100,1,1,0,1,0,0
13,17001010200,1,1,1,1,0,0
14,17001010300,0,0,0,1,0,0
15,17001010400,0,0,0,1,0,0
16,17001010500,0,0,0,1,1,1
17,17001010600,0,0,0,1,0,0
18,17003957600,1,1,1,1,0,0
19,17003957700,1,1,1,1,0,0
20,17003957800,1,1,1,1,1,1
21,17003957900,1,1,1,0,0,1
22,17005951200,0,0,0,1,0,0
23,17005951300,0,1,1,1,1,1
24,17005951400,0,0,0,1,0,0
25,17005951500,0,0,0,1,0,0
26,17007010100,0,1,1,1,1,1
27,17007010200,0,1,1,1,1,1
28,17007010300,1,1,1,1,1,1
29,17007010400,0,0,0,1,1,1
30,17007010500,0,0,0,1,0,0
31,17007010601,0,0,0,1,0,0
32,17007010602,0,0,0,1,1,1
33,17009970400,1,0,0,1,0,0
34,17009970500,1,1,0,1,1,1
35,17011964700,0,0,0,1,0,0
36,17011964800,1,0,0,1,0,0
37,17011964900,1,1,0,1,0,0
38,17011965000,1,1,0,1,0,0
39,17011965100,0,0,1,1,0,0
40,17011965200,1,0,1,1,1,1
41,17011965300,0,1,0,1,1,1
42,17011965400,0,0,0,1,1,1
43,17011965500,0,0,0,1,0,0
44,17011965600,1,0,0,1,0,0
45,17013951200,0,0,0,1,0,0
46,17013951300,1,0,0,1,0,0
47,17015960100,0,0,1,1,0,0
48,17015960200,0,0,0,1,0,0
49,17015960300,1,1,1,1,1,1
50,17015960400,1,1,0,1,0,0
51,17015960500,0,0,0,1,0,0
52,17015960600,0,0,0,1,0,0
53,17017960100,0,0,0,1,0,0
54,17017960200,0,0,0,1,0,0
55,17017960300,0,0,1,1,0,0
56,17017960400,1,1,1,1,1,1
57,17017960500,1,1,1,1,1,1
58,17019000200,1,1,1,1,1,1
59,17019000301,1,1,1,0,0,0
60,17019000302,1,1,1,0,0,0
61,17019000401,1,1,1,1,1,1
62,17019000402,1,1,1,1,1,1
63,17019000500,1,1,1,1,1,1
64,17019000700,1,1,1,1,1,1
65,17019000800,1,1,1,1,1,1
66,17019000901,1,1,1,1,1,1
67,17019000902,0,0,0,1,1,1
68,17019001000,1,1,0,1,1,1
69,17019001100,0,0,0,1,1,1
70,17019001201,0,1,1,1,1,1
71,17019001203,0,0,0,1,1,1
72,17019001204,0,0,0,1,1,1
73,17019001205,0,0,0,1,1,1
74,17019001206,0,0,0,1,1,1
75,17019001301,0,0,0,1,1,1
76,17019001302,0,0,0,1,1,1
77,17019001400,0,0,0,1,1,1
78,17019005300,1,1,1,1,1,1
79,17019005401,1,1,1,1,1,1
80,17019005402,1,0,0,1,1,1
81,17019005500,1,0,0,1,1,1
82,17019005600,0,1,1,1,1,1
83,17019005701,0,1,0,1,1,1
84,17019005702,1,0,1,1,1,1
85,17019005800,1,1,1,1,1,1
86,17019005900,1,1,1,1,1,1
87,17019006000,1,1,1,1,1,1
88,17019010100,1,1,1,1,1,1
89,17019010204,0,1,1,1,1,1
90,17019010300,1,1,1,1,1,1
91,17019010400,0,0,0,1,0,0
92,17019010500,0,0,0,1,0,0
93,17019010601,0,0,0,1,1,1
94,17019010603,0,0,0,1,1,1
95,17019010604,0,0,0,1,1,1
96,17019010700,0,0,0,1,0,0
97,17019010800,0,0,0,1,0,0
98,17019010900,0,0,0,1,1,1
99,17019011000,1,1,0,1,1,1
100,17019011100,1,1,1,0,1,0
101,17021958100,0,0,0,1,0,0
102,17021958200,0,0,0,1,0,0
103,17021958300,1,1,1,1,1,1
104,17021958400,1,1,1,1,1,1
105,17021958500,1,0,1,1,1,1
106,17021958600,0,0,0,1,0,0
107,17021958700,1,0,0,1,0,0
108,17021958800,1,1,1,1,1,1
109,17021958900,1,1,1,1,1,1
110,17021959000,0,0,0,1,0,0
111,17023060100,0,0,0,1,0,0
112,17023060200,0,0,1,1,1,1
113,17023060300,1,1,1,1,0,0
114,17023060400,1,1,0,1,0,0
115,17025971900,1,0,0,1,0,0
116,17025972000,1,1,1,1,0,0
117,17025972100,1,1,1,1,1,1
118,17025972200,1,0,1,1,0,0
119,17027900100,0,0,0,1,0,0
120,17027900200,0,0,0,1,0,0
121,17027900300,0,0,0,1,1,1
122,17027900401,1,1,1,1,0,0
123,17027900402,0,0,1,1,0,0
124,17027900500,1,1,1,1,0,0
125,17027900601,0,0,0,1,0,0
126,17027900602,0,0,0,1,0,0
127,17029000100,0,1,1,1,0,0
128,17029000200,0,0,0,1,1,1
129,17029000300,0,1,1,1,1,1
130,17029000400,1,1,1,1,1,1
131,17029000500,1,1,1,1,1,1
132,17029000600,0,0,0,1,0,0
133,17029000700,1,1,1,1,1,1
134,17029000800,1,1,1,1,1,1
135,17029000900,0,0,0,1,1,1
136,17029001000,1,0,1,1,1,1
137,17029001100,1,1,1,1,1,1
138,17029001200,1,1,1,1,1,1
139,17031010100,1,1,1,1,1,1
140,17031010201,1,1,1,0,0,0
141,17031010202,1,1,1,0,0,0
142,17031010300,1,1,1,1,1,1
143,17031010400,0,0,1,0,0,0
144,17031010501,1,1,1,0,0,0
145,17031010502,1,1,1,0,0,0
146,17031010503,1,1,1,0,0,0
147,17031010600,1,0,1,0,0,0
148,17031010701,0,1,1,0,0,0
149,17031010702,1,1,1,0,0,0
150,17031020100,1,1,1,0,0,0
151,17031020200,0,0,0,0,0,0
152,17031020301,0,0,0,1,1,1
153,17031020302,0,0,1,1,1,1
154,17031020400,0,0,0,1,1,1
155,17031020500,1,1,1,0,0,0
156,17031020601,1,1,1,0,0,0
157,17031020602,1,1,1,1,1,1
158,17031020701,1,1,0,1,0,1
159,17031020702,1,1,1,0,0,0
160,17031020801,1,1,1,0,0,0
161,17031020802,0,1,1,0,0,0
162,17031020901,1,1,1,0,0,0
163,17031020902,1,1,1,0,0,0
164,17031030101,1,1,1,0,0,0
165,17031030102,1,0,0,0,0,0
166,17031030103,1,1,0,0,0,0
167,17031030104,1,1,1,0,0,0
168,17031030200,0,0,0,0,0,0
169,17031030300,1,1,1,1,1,0
170,17031030400,0,1,1,1,1,0
171,17031030500,0,0,0,0,0,0
172,17031030601,1,1,1,0,0,0
173,17031030603,1,1,1,0,0,0
174,17031030604,0,0,1,0,0,0
175,17031030701,1,1,1,0,0,0
176,17031030702,0,1,0,0,0,0
177,17031030703,1,1,1,0,0,0
178,17031030706,0,0,1,0,0,0
179,17031030800,0,0,0,0,0,0
180,17031030900,0,0,0,0,0,0
181,17031031000,0,0,0,0,0,0
182,17031031100,0,0,0,0,0,0
183,17031031200,1,1,1,0,0,0
184,17031031300,1,1,1,0,0,0
185,17031031400,0,0,0,0,0,0
186,17031031501,1,1,1,0,0,0
187,17031031502,1,1,1,0,0,0
188,17031031700,1,1,1,0,0,0
189,17031031800,0,1,0,0,0,0
190,17031031900,0,0,0,1,0,0
191,17031032100,1,0,1,0,0,0
192,17031040100,0,0,0,1,1,1
193,17031040201,0,0,0,0,0,0
194,17031040202,1,1,1,0,0,0
195,17031040300,0,0,0,1,0,1
196,17031040401,0,0,0,1,0,0
197,17031040402,0,0,0,1,0,0
198,17031040600,0,0,0,1,0,0
199,17031040700,0,0,0,0,0,0
200,17031040800,0,0,0,0,0,0
201,17031040900,0,0,0,0,0,0
202,17031050100,0,0,0,0,0,0
203,17031050200,0,0,0,0,0,0
204,17031050300,0,0,0,0,0,0
205,17031050500,0,0,0,0,0,0
206,17031050600,0,0,0,0,0,0
207,17031050700,0,0,0,0,0,0
208,17031050800,0,0,0,0,0,0
209,17031050900,0,0,0,0,0,0
210,17031051000,0,0,0,0,0,0
211,17031051100,0,0,0,1,1,1
212,17031051200,0,0,0,1,1,1
213,17031051300,0,0,0,1,1,1
214,17031051400,0,0,0,1,1,1
215,17031060100,0,0,0,1,1,1
216,17031060200,0,0,0,1,1,1
217,17031060300,0,0,0,0,0,0
218,17031060400,0,0,0,1,0,0
219,17031060500,0,1,1,1,0,0
220,17031060800,0,0,0,0,0,0
221,17031060900,0,0,0,0,0,0
222,17031061000,0,0,0,0,0,0
223,17031061100,0,0,0,1,0,0
224,17031061200,0,0,0,1,0,0
225,17031061500,0,0,0,0,0,0
226,17031061800,0,1,0,0,0,0
227,17031061901,0,0,0,0,0,0
228,17031061902,0,0,0,0,0,0
229,17031062000,0,0,0,0,0,0
230,17031062100,1,0,0,0,0,0
231,17031062200,0,0,0,0,0,0
232,17031062300,0,0,0,0,0,0
233,17031062400,0,0,0,0,0,0
234,17031062500,0,0,0,0,0,0
235,17031062600,0,0,0,0,0,0
236,17031062700,0,0,0,0,0,0
237,17031062800,0,0,0,0,0,0
238,17031062900,0,0,0,1,1,1
239,17031063000,1,0,0,1,1,1
240,17031063100,1,0,0,0,0,0
241,17031063200,0,0,0,0,0,0
242,17031063301,1,1,0,0,0,0
243,17031063302,0,0,0,0,0,0
244,17031063303,0,0,0,0,0,0
245,17031063400,1,0,0,0,0,0
246,17031070101,0,0,0,0,0,0
247,17031070102,0,0,0,0,0,0
248,17031070103,0,0,0,0,0,0
249,17031070200,0,0,0,0,0,0
250,17031070300,0,0,0,0,0,0
251,17031070400,0,0,0,0,0,0
252,17031070500,0,0,0,1,1,1
253,17031070600,0,0,0,1,1,1
254,17031070700,0,0,0,0,0,0
255,17031071000,1,1,0,0,0,0
256,17031071100,0,0,0,0,0,0
257,17031071200,0,0,0,0,0,0
258,17031071300,0,0,0,0,0,0
259,17031071400,0,0,0,0,0,0
260,17031071500,0,0,0,0,0,0
261,17031071600,0,0,0,0,0,0
262,17031071700,0,0,0,0,0,0
263,17031071800,0,0,0,0,0,0
264,17031080100,0,0,0,0,0,0
265,17031080201,0,0,0,0,0,0
266,17031080202,0,0,0,0,0,0
267,17031080300,0,0,0,0,0,0
268,17031080400,1,1,1,0,0,0
269,17031081000,1,1,0,0,0,0
270,17031081100,1,0,0,0,0,0
271,17031081201,0,0,0,0,0,0
272,17031081202,0,0,0,0,0,0
273,17031081300,0,0,0,0,0,0
274,17031081401,0,0,0,0,0,0
275,17031081402,0,0,0,0,0,0
276,17031081403,0,0,0,0,0,0
277,17031081500,0,0,0,0,0,0
278,17031081600,0,0,0,0,0,0
279,17031081700,0,0,0,0,0,0
280,17031081800,0,0,0,0,0,0
281,17031081900,1,1,1,0,0,0
282,17031090100,0,0,0,1,1,1
283,17031090200,0,0,0,1,1,1
284,17031090300,0,0,0,0,0,0
285,17031100100,0,0,0,0,0,0
286,17031100200,0,0,0,1,0,1
287,17031100300,0,0,0,1,1,1
288,17031100400,0,0,0,1,1,1
289,17031100500,0,0,0,1,1,1
290,17031100600,0,0,0,1,1,1
291,17031100700,0,0,0,1,1,1
292,17031110100,0,0,0,1,0,0
293,17031110200,0,0,0,0,0,0
294,17031110300,0,0,0,1,1,1
295,17031110400,0,0,0,0,0,0
296,17031110501,0,0,0,1,0,0
297,17031110502,0,0,0,1,0,0
298,17031120100,0,0,0,1,0,0
299,17031120200,0,0,0,0,0,0
300,17031120300,0,0,0,1,1,1
301,17031120400,0,0,0,1,0,0
302,17031130100,0,1,0,1,1,1
303,17031130200,0,0,0,1,1,1
304,17031130300,0,0,1,1,0,1
305,17031140100,1,1,1,0,0,0
306,17031140200,1,1,1,0,0,0
307,17031140301,0,0,1,0,0,0
308,17031140302,1,1,0,0,0,0
309,17031140400,1,0,0,1,0,0
310,17031140500,1,1,1,1,0,1
311,17031140601,0,1,1,0,0,0
312,17031140602,1,1,1,0,0,0
313,17031140701,1,0,1,0,0,0
314,17031140702,1,1,1,0,0,0
315,17031140800,0,0,0,0,0,0
316,17031150200,1,0,0,1,0,0
317,17031150300,0,0,0,0,0,0
318,17031150401,0,0,0,0,0,0
319,17031150402,0,0,0,1,0,1
320,17031150501,0,0,0,0,0,0
321,17031150502,1,1,1,0,0,0
322,17031150600,0,0,0,1,0,1
323,17031150700,0,0,0,1,1,1
324,17031150800,0,0,1,1,1,1
325,17031151001,1,1,0,1,1,1
326,17031151002,1,1,1,1,1,1
327,17031151100,1,1,1,1,0,1
328,17031151200,0,0,0,0,0,0
329,17031160100,0,1,0,1,1,1
330,17031160200,0,0,0,1,0,1
331,17031160300,0,1,0,1,1,1
332,17031160400,1,1,0,0,0,0
333,17031160501,1,1,1,0,0,0
334,17031160502,1,1,1,0,0,0
335,17031160601,0,0,0,0,0,0
336,17031160602,0,1,1,0,0,0
337,17031160700,0,0,0,0,0,0
338,17031160800,1,0,1,0,0,0
339,17031160900,0,0,0,0,0,0
340,17031161000,0,0,0,1,1,1
341,17031161100,0,0,0,0,0,0
342,17031161200,0,1,0,0,0,0
343,17031161300,1,1,1,0,0,0
344,17031170100,0,0,0,0,0,0
345,17031170200,0,0,0,1,0,1
346,17031170300,0,0,0,0,0,1
347,17031170400,0,0,0,1,1,1
348,17031170500,0,0,0,1,1,1
349,17031170600,0,0,0,1,1,1
350,17031170700,0,1,0,1,1,1
351,17031170800,0,0,0,1,1,1
352,17031170900,0,0,0,1,0,1
353,17031171000,0,0,0,1,1,1
354,17031171100,0,0,0,1,0,0
355,17031180100,0,1,1,0,0,0
356,17031190100,1,1,1,0,0,0
357,17031190200,1,1,1,0,0,0
358,17031190300,1,1,0,0,0,0
359,17031190401,1,1,1,0,0,0
360,17031190402,1,1,1,0,0,0
361,17031190601,1,1,1,0,0,0
362,17031190602,1,1,1,0,0,0
363,17031190701,1,1,1,0,0,0
364,17031190702,1,1,1,0,0,0
365,17031190800,1,1,1,0,0,0
366,17031190900,1,1,1,0,0,0
367,17031191000,1,1,1,0,0,0
368,17031191100,1,1,1,0,0,0
369,17031191200,1,1,1,0,0,0
370,17031191301,1,1,1,1,0,0
371,17031191302,1,1,1,0,0,0
372,17031200100,1,1,1,0,0,0
373,17031200200,1,1,1,0,0,0
374,17031200300,1,1,1,0,0,0
375,17031200401,1,1,1,0,0,0
376,17031200402,1,1,1,0,0,0
377,17031210100,0,1,0,0,0,0
378,17031210400,1,1,1,0,0,0
379,17031210501,1,1,1,0,0,0
380,17031210502,1,1,1,0,0,0
381,17031210601,1,1,1,0,0,0
382,17031210602,1,1,1,0,0,0
383,17031210700,1,1,1,0,0,0
384,17031210800,1,1,1,0,0,0
385,17031210900,1,1,0,0,0,0
386,17031220300,0,0,0,1,0,0
387,17031220400,0,0,0,1,0,0
388,17031220500,0,0,0,0,0,0
389,17031220601,1,1,1,0,0,0
390,17031220602,1,1,1,0,0,0
391,17031220701,1,1,1,0,0,0
392,17031220702,1,1,1,0,0,0
393,17031220901,1,1,1,0,0,0
394,17031220902,1,1,1,0,0,0
395,17031221000,1,1,1,0,0,0
396,17031221100,1,1,1,0,0,0
397,17031221200,0,1,0,0,0,0
398,17031221300,1,1,1,1,0,0
399,17031221400,1,1,0,0,0,0
400,17031221500,0,1,0,0,0,0
401,17031221600,0,0,0,0,0,0
402,17031222200,0,0,0,0,0,0
403,17031222500,1,1,1,0,0,0
404,17031222600,1,1,0,0,0,0
405,17031222700,1,1,1,0,0,0
406,17031222800,1,1,1,0,0,0
407,17031222900,1,1,1,0,0,0
408,17031230100,1,1,1,0,0,0
409,17031230200,1,1,1,0,0,0
410,17031230300,1,1,1,0,0,0
411,17031230400,1,1,1,0,0,0
412,17031230500,1,1,1,0,0,0
413,17031230600,1,1,1,0,0,0
414,17031230700,1,1,1,0,0,0
415,17031230800,1,0,1,0,0,0
416,17031230900,1,1,1,0,0,0
417,17031231100,1,1,1,0,0,0
418,17031231200,1,1,1,1,1,1
419,17031231500,1,1,1,1,1,1
420,17031240200,0,0,0,0,0,0
421,17031240300,0,0,0,0,0,0
422,17031240500,0,0,0,0,0,0
423,17031240600,1,1,0,0,0,0
424,17031240700,1,1,1,0,0,0
425,17031240800,1,1,1,0,0,0
426,17031240900,1,1,1,1,1,0
427,17031241000,1,1,1,0,0,0
428,17031241100,1,1,1,0,0,0
429,17031241200,0,0,0,0,0,0
430,17031241300,0,1,0,0,0,0
431,17031241400,0,0,0,0,0,0
432,17031241500,0,0,0,0,0,0
433,17031241600,0,0,0,0,0,0
434,17031242000,1,0,0,0,0,0
435,17031242100,0,0,0,0,0,0
436,17031242200,0,0,0,0,0,0
437,17031242300,0,0,0,0,0,0
438,17031242400,0,0,0,0,0,0
439,17031242500,1,1,0,0,0,0
440,17031242600,1,1,1,1,1,0
441,17031242700,1,1,1,1,1,0
442,17031242800,0,0,0,0,0,0
443,17031242900,1,0,0,0,0,0
444,17031243000,0,0,0,0,0,0
445,17031243100,0,0,0,0,0,0
446,17031243200,0,0,0,0,0,0
447,17031243300,0,0,0,0,0,0
448,17031243400,1,0,0,0,0,0
449,17031243500,0,0,0,0,0,0
450,17031250200,1,1,1,0,0,0
451,17031250300,1,1,1,0,0,0
452,17031250400,1,1,1,0,0,0
453,17031250500,0,0,0,1,1,1
454,17031250600,1,1,1,1,1,1
455,17031250700,1,1,1,0,1,1
456,17031250800,1,1,1,0,1,1
457,17031251000,1,1,1,1,1,1
458,17031251100,1,1,1,0,1,1
459,17031251200,1,1,1,0,1,1
460,17031251300,1,1,1,1,1,1
461,17031251400,1,1,1,1,1,1
462,17031251500,1,1,1,1,1,1
463,17031251600,1,1,1,1,1,1
464,17031251700,1,1,1,1,1,1
465,17031251800,1,1,1,0,1,0
466,17031251900,1,1,1,0,1,0
467,17031252000,1,1,1,0,0,0
468,17031252101,1,1,1,0,0,0
469,17031252102,1,1,1,0,1,0
470,17031252201,1,1,1,0,1,0
471,17031252202,1,1,1,0,0,0
472,17031260100,1,1,1,0,0,0
473,17031260200,1,1,1,0,0,0
474,17031260300,1,1,1,1,0,0
475,17031260400,1,1,1,1,0,0
476,17031260500,1,1,1,1,0,0
477,17031260600,1,1,1,1,0,0
478,17031260700,1,1,1,0,0,0
479,17031260800,1,1,1,0,0,0
480,17031260900,1,1,1,0,0,0
481,17031261000,1,1,1,1,0,0
482,17031270500,1,1,1,0,0,0
483,17031271200,1,1,1,0,0,1
484,17031271300,1,1,1,0,0,1
485,17031271400,1,1,1,0,0,1
486,17031271500,1,1,1,0,0,0
487,17031271800,1,1,1,0,0,0
488,17031280100,0,0,0,0,0,0
489,17031280400,1,1,1,1,1,0
490,17031280800,1,1,1,1,0,0
491,17031280900,1,1,1,1,0,0
492,17031281900,0,1,0,0,0,0
493,17031282700,1,1,1,1,1,1
494,17031282800,0,0,1,1,1,1
495,17031283100,1,1,1,0,0,0
496,17031283200,1,1,1,0,0,0
497,17031283800,0,1,1,0,1,1
498,17031290900,1,1,1,1,1,1
499,17031291200,1,1,1,0,0,0
500,17031291600,1,1,1,0,0,0
501,17031292200,1,1,1,0,0,0
502,17031292400,1,1,1,0,0,0
503,17031292500,1,1,1,0,0,1
504,17031300500,1,1,1,0,0,0
505,17031300600,1,1,1,0,0,0
506,17031300700,1,1,1,0,0,0
507,17031300800,1,1,1,0,0,0
508,17031300900,1,1,1,0,0,0
509,17031301100,1,1,1,0,0,0
510,17031301200,1,1,1,0,0,0
511,17031301600,1,1,1,0,0,0
512,17031301701,1,1,1,0,0,0
513,17031301702,1,1,1,1,0,1
514,17031301801,1,1,1,0,0,0
515,17031301802,1,1,1,0,0,0
516,17031301803,1,1,1,0,0,0
517,17031310200,0,1,0,0,0,0
518,17031310300,0,1,1,0,0,1
519,17031310400,1,1,0,0,0,1
520,17031310500,1,1,1,0,0,1
521,17031310600,1,1,1,0,0,0
522,17031310700,1,1,1,0,0,0
523,17031310800,1,1,1,0,0,0
524,17031310900,1,1,1,0,0,0
525,17031320100,0,0,0,0,0,0
526,17031320400,0,0,0,0,0,0
527,17031320600,0,0,0,0,0,0
528,17031330100,0,0,0,1,0,0
529,17031330200,0,0,0,1,0,0
530,17031340300,1,1,1,1,0,0
531,17031340400,1,1,1,1,0,0
532,17031340500,1,1,1,1,0,1
533,17031340600,1,1,1,1,1,1
534,17031350100,0,1,1,1,1,1
535,17031350400,1,1,1,1,0,0
536,17031351000,1,1,1,0,0,0
537,17031351100,1,1,1,0,0,0
538,17031351400,1,1,1,1,1,1
539,17031351500,1,1,1,1,1,1
540,17031360200,1,1,1,1,0,0
541,17031380100,1,1,1,1,0,0
542,17031380200,1,1,1,1,0,0
543,17031380500,1,1,1,1,1,0
544,17031380700,1,1,1,1,0,0
545,17031381200,1,1,1,0,0,0
546,17031381400,1,1,1,0,0,1
547,17031381500,0,1,1,0,0,1
548,17031381700,0,0,0,0,0,0
549,17031381800,1,1,1,0,0,1
550,17031381900,1,1,1,0,0,0
551,17031390100,0,0,0,0,0,0
552,17031390200,0,1,0,0,0,0
553,17031390300,1,1,1,0,0,0
554,17031390400,1,1,1,1,0,0
555,17031390500,0,0,0,1,0,1
556,17031390600,0,0,0,0,0,0
557,17031390700,1,0,0,0,0,0
558,17031400300,1,1,1,0,0,1
559,17031400400,1,1,1,0,0,1
560,17031400500,1,1,1,0,0,1
561,17031400800,1,1,1,1,0,0
562,17031410100,1,1,1,0,0,0
563,17031410200,1,1,1,0,0,0
564,17031410500,1,1,1,1,0,0
565,17031410600,0,1,1,0,0,0
566,17031410700,1,1,1,0,0,0
567,17031410800,0,1,1,0,0,0
568,17031410900,0,1,1,0,0,0
569,17031411000,1,0,0,0,0,1
570,17031411100,0,0,0,1,1,1
571,17031411200,0,0,0,0,0,0
572,17031420100,1,1,1,1,1,1
573,17031420200,1,1,1,1,1,1
574,17031420300,1,1,1,1,1,1
575,17031420400,1,1,1,0,0,0
576,17031420500,1,1,1,0,0,0
577,17031420600,1,1,1,0,0,0
578,17031420700,1,1,1,0,0,0
579,17031420800,1,1,1,0,0,0
580,17031421200,1,1,1,0,0,0
581,17031430101,1,1,1,1,1,1
582,17031430102,1,1,1,0,1,1
583,17031430200,1,1,1,1,0,1
584,17031430300,1,1,1,0,0,0
585,17031430400,1,1,1,0,0,0
586,17031430500,1,1,1,0,0,0
587,17031430600,1,1,1,0,1,1
588,17031430700,1,1,1,1,1,1
589,17031430800,1,1,1,0,1,1
590,17031430900,1,1,1,0,0,0
591,17031431200,0,0,1,1,1,1
592,17031431301,1,1,1,1,1,1
593,17031431302,1,1,1,1,1,1
594,17031431400,1,1,1,1,1,1
595,17031440101,1,1,1,1,1,1
596,17031440102,1,1,1,1,0,1
597,17031440201,1,1,1,1,1,1
598,17031440202,1,1,1,1,0,1
599,17031440300,1,0,1,0,0,0
600,17031440600,0,1,0,0,0,0
601,17031440700,0,1,1,1,0,1
602,17031440800,1,1,1,1,1,1
603,17031440900,1,1,1,1,1,1
604,17031450300,1,1,1,1,1,1
605,17031460100,1,1,1,1,1,1
606,17031460200,1,1,1,1,1,1
607,17031460301,1,1,1,1,0,0
608,17031460302,1,1,1,0,0,0
609,17031460400,0,1,1,1,1,1
610,17031460500,0,1,1,1,1,1
611,17031460600,1,1,1,1,0,0
612,17031460700,1,1,1,1,0,0
613,17031461000,1,1,1,1,0,0
614,17031470100,1,1,1,1,1,1
615,17031480100,0,0,0,1,1,1
616,17031480200,0,1,1,0,0,0
617,17031480300,1,1,1,1,1,1
618,17031480400,0,0,1,1,1,1
619,17031480500,1,1,1,1,1,1
620,17031490300,1,1,1,1,1,1
621,17031490400,1,0,1,1,1,1
622,17031490500,1,1,0,1,1,1
623,17031490600,1,1,1,1,1,1
624,17031490700,1,1,1,1,1,1
625,17031490800,1,1,1,0,0,0
626,17031490901,1,1,1,1,1,1
627,17031490902,1,1,1,1,1,1
628,17031491000,1,1,1,1,1,1
629,17031491100,1,1,0,1,1,1
630,17031491200,1,1,1,1,1,0
631,17031491300,1,1,1,1,1,1
632,17031491400,1,1,1,1,1,1
633,17031500100,1,1,1,1,1,1
634,17031500200,1,1,1,1,1,1
635,17031500300,1,1,1,1,1,1
636,17031510100,1,1,1,1,1,1
637,17031510200,1,1,1,1,1,1
638,17031510300,1,1,1,1,1,1
639,17031520100,1,1,1,1,0,1
640,17031520200,1,1,1,1,1,1
641,17031520300,1,1,1,1,1,0
642,17031520400,1,1,1,0,0,0
643,17031520500,0,0,1,1,1,1
644,17031520600,1,1,1,1,1,1
645,17031530100,1,1,1,1,1,1
646,17031530200,1,1,1,1,1,1
647,17031530300,1,1,1,0,0,0
648,17031530400,1,1,1,1,1,1
649,17031530501,1,1,1,1,1,1
650,17031530502,1,1,1,1,1,1
651,17031530503,0,1,1,1,1,1
652,17031530600,1,1,1,1,1,1
653,17031540101,1,1,1,1,1,1
654,17031540102,1,1,1,1,1,1
655,17031550100,0,1,1,1,1,1
656,17031550200,1,0,0,1,1,1
657,17031560100,1,1,0,1,1,1
658,17031560200,1,1,1,1,1,1
659,17031560300,1,1,1,1,1,1
660,17031560400,0,1,1,1,1,1
661,17031560700,1,0,0,0,0,0
662,17031560800,0,0,0,0,1,1
663,17031560900,0,0,0,1,1,1
664,17031561000,0,0,0,1,1,1
665,17031561100,0,0,0,1,1,1
666,17031570100,1,0,1,0,0,0
667,17031570200,0,0,1,0,0,0
668,17031570300,1,1,1,0,0,0
669,17031570400,1,1,1,0,0,0
670,17031570500,1,1,1,0,0,0
671,17031580100,1,1,1,1,1,1
672,17031580200,1,1,1,1,1,1
673,17031580300,1,1,1,1,0,0
674,17031580400,1,1,1,1,1,1
675,17031580501,1,1,1,1,0,0
676,17031580502,1,1,1,0,0,0
677,17031580600,1,1,1,1,1,1
678,17031580700,1,1,1,1,1,1
679,17031580800,1,1,1,1,1,1
680,17031590500,1,1,1,0,0,0
681,17031590600,1,1,1,0,0,0
682,17031590700,1,1,1,0,0,0
683,17031600400,1,1,1,0,0,0
684,17031600600,1,1,1,0,0,0
685,17031600700,1,1,1,0,0,0
686,17031600900,1,1,1,0,0,0
687,17031610300,1,1,1,0,0,0
688,17031610400,1,1,1,0,0,0
689,17031610800,0,0,1,0,0,0
690,17031611000,1,1,1,1,1,1
691,17031611100,1,1,1,0,1,1
692,17031611200,1,1,1,0,0,0
693,17031611300,1,1,1,0,0,0
694,17031611400,1,1,1,0,0,0
695,17031611500,1,1,1,0,0,0
696,17031611600,1,1,1,1,1,1
697,17031611700,1,1,1,0,0,0
698,17031611800,1,1,1,0,0,0
699,17031611900,1,1,1,1,1,1
700,17031612000,1,1,1,1,0,1
701,17031612100,1,1,1,1,1,1
702,17031620100,0,1,1,0,0,0
703,17031620200,1,1,1,0,0,1
704,17031620300,1,1,1,1,1,1
705,17031620400,1,1,0,0,0,0
706,17031630100,1,1,1,1,0,0
707,17031630200,1,1,1,1,0,1
708,17031630300,1,1,1,0,0,0
709,17031630400,1,1,1,0,0,0
710,17031630500,1,1,1,1,0,1
711,17031630800,1,1,1,0,0,0
712,17031630900,1,1,1,0,0,0
713,17031640100,1,1,1,0,0,0
714,17031640300,0,0,0,1,1,1
715,17031640400,0,0,0,0,0,0
716,17031640500,0,0,0,1,1,1
717,17031640600,1,1,1,1,1,1
718,17031640700,1,1,1,1,1,1
719,17031640800,0,1,1,0,0,0
720,17031650100,1,1,1,0,1,0
721,17031650200,1,1,1,0,0,0
722,17031650301,1,1,1,0,1,0
723,17031650302,0,1,1,0,1,0
724,17031650400,1,1,1,1,1,1
725,17031650500,0,0,0,1,0,1
726,17031660301,1,1,1,0,0,0
727,17031660302,1,1,1,0,0,0
728,17031660400,1,1,1,0,0,0
729,17031660500,1,1,1,0,0,0
730,17031660600,1,1,1,1,0,1
731,17031660700,1,1,1,1,0,1
732,17031660800,1,1,1,1,1,1
733,17031660900,1,1,1,1,0,1
734,17031661000,0,1,1,0,0,0
735,17031661100,0,1,1,1,1,1
736,17031670100,1,1,1,1,0,1
737,17031670200,1,1,1,1,0,1
738,17031670300,1,1,1,1,1,1
739,17031670400,1,1,1,1,1,1
740,17031670500,1,1,1,1,1,1
741,17031670600,1,1,1,1,1,1
742,17031670700,1,1,1,1,1,1
743,17031670800,1,1,1,1,1,1
744,17031670900,1,1,1,1,1,1
745,17031671100,1,1,1,1,1,1
746,17031671200,1,1,1,1,1,1
747,17031671300,1,1,1,1,1,1
748,17031671400,1,1,1,1,0,1
749,17031671500,1,1,1,1,0,1
750,17031671600,1,1,1,1,1,1
751,17031671800,1,1,1,0,0,0
752,17031671900,1,1,1,0,0,0
753,17031672000,1,1,1,0,0,1
754,17031680500,1,1,1,1,0,1
755,17031680600,1,1,1,1,1,1
756,17031680900,1,1,1,1,1,0
757,17031681000,1,1,1,0,0,1
758,17031681100,1,1,1,0,0,0
759,17031681200,1,1,1,1,0,0
760,17031681300,1,1,1,0,0,0
761,17031681400,1,1,1,0,0,0
762,17031690300,1,1,1,0,0,0
763,17031690400,1,1,1,0,0,0
764,17031690500,1,1,1,0,1,0
765,17031690900,1,1,1,0,1,0
766,17031691000,1,1,0,0,1,0
767,17031691100,1,1,1,0,0,0
768,17031691200,1,1,1,0,0,0
769,17031691300,1,1,1,0,0,0
770,17031691400,1,1,1,1,1,1
771,17031691500,1,1,1,1,1,1
772,17031700100,0,1,0,1,1,1
773,17031700200,1,1,0,1,1,1
774,17031700301,0,1,0,1,1,1
775,17031700302,0,0,0,1,1,1
776,17031700401,0,0,0,1,1,1
777,17031700402,0,0,1,1,1,1
778,17031700501,0,0,0,1,1,1
779,17031700502,0,0,0,0,1,1
780,17031710100,1,1,1,0,0,0
781,17031710200,1,1,1,1,0,0
782,17031710300,1,1,1,0,0,0
783,17031710400,1,1,1,0,0,0
784,17031710500,1,1,1,1,0,0
785,17031710600,1,1,1,0,1,1
786,17031710700,1,1,1,0,1,1
787,17031710800,1,1,1,1,1,1
788,17031710900,1,1,1,1,0,0
789,17031711000,1,1,1,0,1,1
790,17031711100,1,1,1,0,1,1
791,17031711200,0,1,1,1,1,1
792,17031711300,1,1,1,1,0,0
793,17031711400,1,1,1,1,0,1
794,17031711500,1,1,1,0,1,1
795,17031720100,0,0,0,1,0,0
796,17031720200,0,0,0,1,1,1
797,17031720300,0,0,0,1,1,1
798,17031720400,0,0,0,1,1,1
799,17031720500,0,0,0,1,1,1
800,17031720600,0,0,0,1,1,1
801,17031720700,0,0,0,1,1,1
802,17031730100,1,1,1,0,1,1
803,17031730201,1,1,1,1,0,0
804,17031730202,0,1,0,0,1,1
805,17031730300,1,1,1,1,0,0
806,17031730400,0,1,0,1,1,1
807,17031730500,1,1,1,1,1,1
808,17031730600,0,0,1,1,1,1
809,17031730700,1,1,1,1,1,1
810,17031740100,0,0,0,1,1,1
811,17031740200,0,0,0,1,1,1
812,17031740300,0,0,0,1,1,1
813,17031740400,0,0,0,1,1,1
814,17031750100,1,1,1,1,1,1
815,17031750200,0,0,0,1,1,1
816,17031750300,0,0,0,0,0,0
817,17031750400,0,0,0,1,1,1
818,17031750500,1,1,1,1,1,1
819,17031750600,1,1,1,1,1,1
820,17031760801,0,1,0,1,1,1
821,17031760802,0,1,0,0,0,0
822,17031760803,1,1,1,1,1,1
823,17031770201,0,0,0,1,1,1
824,17031770202,0,0,0,1,1,1
825,17031770300,0,0,0,1,1,1
826,17031770400,0,0,0,1,1,1
827,17031770500,1,1,1,1,1,1
828,17031770601,0,0,0,1,1,1
829,17031770602,1,1,1,1,1,1
830,17031770700,0,0,0,1,1,1
831,17031770800,0,1,1,1,1,1
832,17031770901,0,0,0,1,0,1
833,17031770902,0,0,0,1,1,1
834,17031800100,0,0,0,1,1,1
835,17031800200,0,0,0,1,1,1
836,17031800300,0,0,0,1,1,1
837,17031800400,0,0,0,1,1,1
838,17031800500,0,0,0,1,1,1
839,17031800600,0,0,0,1,1,1
840,17031800700,0,0,0,1,1,1
841,17031800800,0,0,0,1,1,1
842,17031800900,0,0,0,1,1,1
843,17031801000,0,0,0,1,1,1
844,17031801100,0,0,0,1,1,1
845,17031801200,0,0,0,1,1,1
846,17031801300,0,0,0,1,0,1
847,17031801400,0,0,0,1,1,1
848,17031801500,0,0,0,1,1,1
849,17031801601,0,0,0,1,1,1
850,17031801603,0,1,1,0,1,1
851,17031801605,0,0,0,1,1,1
852,17031801606,0,0,0,1,1,1
853,17031801607,0,0,0,1,1,1
854,17031801608,0,0,0,1,1,1
855,17031801701,0,0,0,1,1,1
856,17031801702,0,0,0,1,1,1
857,17031801800,0,0,0,1,1,1
858,17031801901,0,0,0,1,1,1
859,17031801902,0,0,0,1,1,1
860,17031802002,0,0,0,1,1,1
861,17031802003,0,0,0,1,1,1
862,17031802004,1,1,1,1,1,0
863,17031802100,0,0,0,1,1,1
864,17031802200,0,0,0,1,1,1
865,17031802300,0,0,0,1,1,1
866,17031802402,0,1,0,1,1,1
867,17031802403,0,0,0,0,1,1
868,17031802404,1,1,1,1,1,1
869,17031802503,0,0,0,1,1,1
870,17031802504,0,0,0,1,1,1
871,17031802505,0,1,1,1,1,1
872,17031802506,0,1,0,1,1,1
873,17031802605,0,0,0,1,1,1
874,17031802607,1,0,0,1,0,1
875,17031802608,0,0,0,1,1,1
876,17031802609,1,1,1,1,1,1
877,17031802610,0,0,0,1,1,1
878,17031802701,0,0,0,1,1,1
879,17031802702,0,0,0,1,1,1
880,17031802801,0,0,0,1,1,1
881,17031802802,0,0,0,1,1,1
882,17031802900,0,0,0,1,1,1
883,17031803005,0,0,0,1,1,1
884,17031803007,0,0,0,1,1,1
885,17031803008,0,0,0,1,1,1
886,17031803010,0,0,0,1,1,1
887,17031803012,0,0,0,0,0,0
888,17031803013,0,0,0,0,1,1
889,17031803014,0,0,0,1,1,1
890,17031803015,0,0,0,1,1,1
891,17031803016,0,0,0,1,1,1
892,17031803017,0,0,0,1,1,1
893,17031803100,0,0,0,1,1,1
894,17031803200,0,0,0,1,1,1
895,17031803300,0,0,0,1,1,1
896,17031803400,0,0,0,1,1,1
897,17031803500,0,0,0,1,1,1
898,17031803603,0,0,0,1,1,1
899,17031803604,0,0,0,1,1,1
900,17031803605,0,0,0,1,1,1
901,17031803606,1,1,1,1,0,1
902,17031803607,0,0,0,1,1,1
903,17031803608,0,0,0,1,1,1
904,17031803610,0,0,0,1,1,1
905,17031803611,1,1,1,1,1,1
906,17031803612,1,1,1,1,1,1
907,17031803701,0,0,0,1,1,1
908,17031803702,0,0,0,1,1,1
909,17031803800,0,0,0,1,1,1
910,17031803901,0,0,0,1,1,1
911,17031803902,0,0,0,1,1,1
912,17031804000,0,0,0,1,1,1
913,17031804102,0,0,0,1,1,1
914,17031804104,0,0,0,1,1,1
915,17031804105,0,0,0,1,1,1
916,17031804106,0,0,0,1,1,1
917,17031804108,0,0,0,1,1,1
918,17031804109,0,0,0,1,1,1
919,17031804201,0,0,0,1,1,1
920,17031804202,0,0,0,1,1,1
921,17031804305,0,0,0,1,1,1
922,17031804306,1,0,0,1,1,1
923,17031804308,0,0,0,1,1,1
924,17031804309,1,1,0,1,1,1
925,17031804310,0,0,0,1,1,1
926,17031804311,0,0,0,1,1,1
927,17031804403,0,0,0,1,1,1
928,17031804404,0,0,0,1,1,1
929,17031804405,1,1,1,1,1,1
930,17031804406,0,0,0,1,1,1
931,17031804505,0,0,0,1,1,1
932,17031804506,0,0,0,1,1,1
933,17031804507,0,0,0,1,1,1
934,17031804508,1,1,1,1,1,1
935,17031804509,0,0,0,1,1,1
936,17031804510,1,1,1,1,1,1
937,17031804511,0,1,1,1,1,1
938,17031804603,1,1,0,1,1,1
939,17031804606,0,0,0,1,1,1
940,17031804607,0,0,0,1,1,1
941,17031804608,0,0,0,1,1,1
942,17031804609,0,0,0,1,1,1
943,17031804610,0,0,0,1,1,1
944,17031804611,0,0,0,1,1,1
945,17031804701,0,0,0,1,1,1
946,17031804705,0,0,0,1,1,1
947,17031804706,0,0,0,1,1,1
948,17031804709,0,0,0,1,1,1
949,17031804710,0,0,0,1,1,1
950,17031804711,0,0,0,1,1,1
951,17031804712,0,0,0,1,1,1
952,17031804713,0,0,0,1,1,1
953,17031804714,0,0,0,1,1,1
954,17031804715,1,0,1,0,1,0
955,17031804716,0,0,0,1,1,1
956,17031804803,0,0,0,1,1,1
957,17031804804,0,0,0,1,1,1
958,17031804805,0,0,0,1,1,1
959,17031804806,0,0,0,1,1,1
960,17031804807,0,0,0,1,1,1
961,17031804808,0,0,0,1,1,1
962,17031804809,0,0,0,1,1,1
963,17031804810,0,0,0,1,1,1
964,17031804901,0,0,0,1,1,1
965,17031804902,0,0,0,1,1,1
966,17031805001,0,0,0,1,1,1
967,17031805002,1,1,1,0,0,0
968,17031805105,1,1,1,1,1,1
969,17031805106,0,0,0,1,1,1
970,17031805107,0,0,1,1,1,1
971,17031805108,0,0,1,1,0,0
972,17031805109,0,0,0,1,1,1
973,17031805110,0,0,0,1,1,1
974,17031805111,1,0,1,1,1,1
975,17031805112,0,0,0,1,1,1
976,17031805201,0,0,0,1,1,1
977,17031805202,0,0,0,1,1,1
978,17031805301,0,0,0,0,0,1
979,17031805302,0,0,0,1,1,1
980,17031805401,0,0,0,1,1,1
981,17031805402,0,0,0,1,0,1
982,17031805501,0,0,0,1,1,1
983,17031805502,0,0,0,1,0,1
984,17031805600,0,0,0,1,1,1
985,17031805701,0,0,0,1,1,1
986,17031805702,0,0,0,0,0,0
987,17031805801,0,0,0,1,1,1
988,17031805802,0,0,0,1,1,1
989,17031805901,0,0,0,1,1,1
990,17031805902,0,0,0,1,1,1
991,17031806001,1,0,1,1,1,1
992,17031806002,1,0,1,1,1,1
993,17031806003,0,0,0,1,1,1
994,17031806004,1,1,1,0,0,0
995,17031806102,0,0,0,1,1,1
996,17031806103,0,0,0,1,1,1
997,17031806104,1,1,1,1,1,1
998,17031806201,0,0,1,0,0,0
999,17031806202,0,0,0,1,1,1
1000,17031806300,0,0,0,1,1,1
1001,17031806400,0,0,0,1,1,1
1002,17031806501,1,1,1,1,0,0
1003,17031806502,0,0,0,1,1,1
1004,17031806600,0,0,0,1,1,1
1005,17031806700,0,0,0,1,1,1
1006,17031806801,0,0,0,1,1,1
1007,17031806802,0,0,0,1,1,1
1008,17031806900,0,0,0,1,1,1
1009,17031807000,0,1,1,1,1,1
1010,17031807100,0,0,0,1,1,1
1011,17031807200,0,0,0,1,1,1
1012,17031807300,0,0,0,1,1,1
1013,17031807400,0,0,1,0,0,0
1014,17031807500,0,0,0,0,0,0
1015,17031807600,0,0,0,1,0,1
1016,17031807700,0,1,0,1,1,1
1017,17031807800,0,0,0,1,1,1
1018,17031807900,0,0,0,1,1,1
1019,17031808001,0,0,0,1,1,1
1020,17031808002,0,0,0,1,1,1
1021,17031808100,0,0,0,1,1,1
1022,17031808200,0,0,0,1,1,1
1023,17031808301,0,0,0,1,1,1
1024,17031808302,0,0,0,1,1,1
1025,17031808400,0,0,0,1,1,1
1026,17031808500,0,0,0,1,1,1
1027,17031808600,0,0,0,1,1,1
1028,17031808702,1,1,1,1,1,1
1029,17031808800,0,0,0,1,1,1
1030,17031808900,0,0,0,1,1,1
1031,17031809000,0,0,0,1,1,1
1032,17031809100,0,0,0,1,1,1
1033,17031809200,0,1,1,1,1,1
1034,17031809300,1,1,1,1,1,1
1035,17031809400,0,1,1,0,0,0
1036,17031809500,0,0,1,1,1,0
1037,17031809600,0,0,0,1,1,1
1038,17031809700,0,0,0,0,1,0
1039,17031809800,0,0,0,0,0,0
1040,17031809900,0,0,0,0,0,0
1041,17031810000,0,0,0,1,1,1
1042,17031810100,0,0,0,0,0,0
1043,17031810200,1,1,1,1,1,1
1044,17031810301,0,0,0,1,1,1
1045,17031810302,0,0,0,1,1,1
1046,17031810400,0,0,0,1,1,1
1047,17031810501,0,0,0,1,1,1
1048,17031810502,0,0,0,1,1,1
1049,17031810600,0,1,1,0,0,0
1050,17031810701,1,1,1,0,1,1
1051,17031810702,0,0,0,1,1,0
1052,17031810800,0,0,0,1,1,1
1053,17031810900,0,1,1,0,0,0
1054,17031811000,0,0,0,1,1,1
1055,17031811100,1,1,1,0,0,0
1056,17031811200,1,0,0,1,1,1
1057,17031811301,0,0,0,1,1,1
1058,17031811302,1,1,1,1,1,1
1059,17031811401,0,0,0,0,0,0
1060,17031811402,0,0,0,1,1,1
1061,17031811500,0,0,0,1,1,1
1062,17031811600,0,1,1,1,1,1
1063,17031811701,1,1,0,1,1,1
1064,17031811702,1,0,1,1,1,1
1065,17031811800,0,0,0,1,1,1
1066,17031811900,0,0,0,1,1,1
1067,17031812000,0,0,0,1,1,1
1068,17031812100,0,0,0,1,1,1
1069,17031812200,0,0,0,1,1,1
1070,17031812301,0,0,0,1,1,1
1071,17031812302,0,0,0,1,1,1
1072,17031812400,0,0,0,1,1,1
1073,17031812500,0,0,0,0,0,0
1074,17031812600,0,0,0,0,0,0
1075,17031812700,0,0,0,1,1,0
1076,17031812801,0,0,0,0,0,0
1077,17031812802,0,0,0,1,1,0
1078,17031812900,0,0,0,0,0,0
1079,17031813000,0,0,0,1,1,1
1080,17031813100,0,0,0,1,1,1
1081,17031813200,0,0,0,0,0,0
1082,17031813301,1,1,1,1,0,0
1083,17031813302,1,1,1,1,0,0
1084,17031813400,1,1,1,0,0,0
1085,17031813500,0,1,1,0,0,0
1086,17031813600,1,1,1,0,0,0
1087,17031813701,1,1,1,0,0,0
1088,17031813702,1,1,1,0,0,0
1089,17031813801,1,1,1,0,0,0
1090,17031813802,1,1,1,0,0,0
1091,17031813900,1,1,1,0,0,0
1092,17031814000,1,1,1,1,0,0
1093,17031814100,1,1,1,0,0,0
1094,17031814200,1,1,1,0,0,0
1095,17031814300,1,1,1,1,1,1
1096,17031814400,0,1,1,1,1,1
1097,17031814500,1,0,0,1,1,1
1098,17031814600,1,1,1,0,0,0
1099,17031814700,1,0,0,0,0,0
1100,17031814800,0,0,0,0,0,0
1101,17031814900,1,1,0,0,0,0
1102,17031815000,1,1,1,0,0,0
1103,17031815100,1,1,1,0,0,0
1104,17031815200,1,1,1,1,0,1
1105,17031815300,0,0,0,1,1,1
1106,17031815400,0,0,0,1,0,0
1107,17031815500,1,0,1,1,1,1
1108,17031815600,0,0,0,1,1,1
1109,17031815701,0,0,0,1,1,1
1110,17031815702,0,0,0,1,1,1
1111,17031815800,0,0,0,1,1,1
1112,17031815900,1,0,0,1,1,0
1113,17031816000,0,0,0,1,1,1
1114,17031816100,0,0,0,1,0,0
1115,17031816200,1,0,1,1,1,1
1116,17031816300,0,0,0,0,0,0
1117,17031816401,1,1,1,0,0,0
1118,17031816402,1,1,1,0,0,0
1119,17031816500,1,1,1,1,1,1
1120,17031816600,1,1,1,1,1,1
1121,17031816700,1,1,1,1,1,1
1122,17031816800,1,0,0,1,1,1
1123,17031816900,0,0,1,1,1,1
1124,17031817000,0,0,0,1,1,1
1125,17031817101,0,1,1,0,1,1
1126,17031817102,1,1,1,1,1,1
1127,17031817200,1,1,1,1,1,1
1128,17031817300,1,1,1,1,1,1
1129,17031817400,0,0,1,1,1,1
1130,17031817500,1,1,1,0,0,1
1131,17031817600,1,1,1,1,1,1
1132,17031817700,0,1,0,1,1,1
1133,17031817900,0,0,1,1,1,1
1134,17031818000,1,0,0,1,1,1
1135,17031818100,0,0,0,1,1,1
1136,17031818200,0,0,0,1,1,1
1137,17031818300,0,1,1,1,1,1
1138,17031818401,0,0,0,1,1,1
1139,17031818402,0,0,0,1,1,1
1140,17031818500,0,0,0,1,1,1
1141,17031818600,0,0,0,1,1,1
1142,17031818700,0,0,0,1,1,1
1143,17031818800,0,0,0,1,1,1
1144,17031818900,0,0,0,1,1,1
1145,17031819000,0,0,0,1,1,1
1146,17031819100,0,0,0,1,1,1
1147,17031819200,0,1,0,1,1,1
1148,17031819300,0,0,0,1,1,1
1149,17031819400,0,0,0,1,1,1
1150,17031819500,0,0,0,1,1,1
1151,17031819600,0,0,0,1,1,1
1152,17031819700,0,0,0,1,1,1
1153,17031819801,0,0,0,1,1,1
1154,17031819802,0,0,0,1,1,1
1155,17031819900,0,0,0,1,1,1
1156,17031820000,0,0,0,1,1,1
1157,17031820101,0,0,0,1,1,1
1158,17031820103,0,0,0,1,1,1
1159,17031820104,0,0,0,1,1,1
1160,17031820201,0,0,0,1,1,1
1161,17031820202,0,1,1,1,1,1
1162,17031820300,1,1,1,1,1,1
1163,17031820400,1,1,1,1,1,1
1164,17031820501,0,0,0,1,1,1
1165,17031820502,0,0,1,1,1,1
1166,17031820603,0,0,1,1,1,1
1167,17031820604,1,1,1,1,1,1
1168,17031820605,1,1,1,1,1,1
1169,17031820606,0,0,0,1,1,1
1170,17031820700,0,1,0,1,1,1
1171,17031820800,0,0,0,1,1,1
1172,17031820901,1,1,1,1,1,1
1173,17031820902,0,0,0,1,1,1
1174,17031821001,0,0,0,1,1,1
1175,17031821002,0,0,0,1,1,1
1176,17031821101,0,0,1,1,1,1
1177,17031821102,1,0,0,1,1,1
1178,17031821200,1,1,1,1,1,1
1179,17031821300,1,1,1,1,1,0
1180,17031821401,1,1,1,1,1,1
1181,17031821402,0,1,0,1,1,1
1182,17031821500,1,1,1,1,1,1
1183,17031821600,0,0,0,1,1,1
1184,17031821700,0,0,0,1,1,1
1185,17031821800,0,0,0,1,1,1
1186,17031821900,0,0,0,1,1,1
1187,17031822000,0,0,1,1,1,1
1188,17031822101,0,0,0,0,1,1
1189,17031822102,0,0,0,0,1,1
1190,17031822200,0,0,0,1,1,1
1191,17031822301,0,0,0,1,1,1
1192,17031822302,0,0,0,1,1,1
1193,17031822400,0,1,1,1,1,1
1194,17031822500,0,0,0,1,1,1
1195,17031822601,0,0,0,1,1,1
1196,17031822602,0,0,0,1,1,1
1197,17031822701,0,0,0,1,1,1
1198,17031822702,0,0,1,0,0,1
1199,17031822801,0,0,0,1,0,0
1200,17031822802,0,0,0,1,1,1
1201,17031822900,0,0,0,0,0,0
1202,17031823001,1,1,1,1,1,1
1203,17031823002,0,1,1,1,1,1
1204,17031823101,0,0,1,1,1,1
1205,17031823102,0,1,0,0,0,1
1206,17031823200,0,0,0,1,1,1
1207,17031823302,0,0,1,1,1,1
1208,17031823303,0,1,1,1,1,1
1209,17031823304,1,1,1,1,1,1
1210,17031823400,0,1,1,1,1,1
1211,17031823500,1,1,1,0,0,0
1212,17031823602,0,0,0,1,1,1
1213,17031823603,1,1,1,1,1,1
1214,17031823604,0,0,0,1,1,1
1215,17031823605,0,0,0,1,1,1
1216,17031823702,0,1,1,1,1,1
1217,17031823703,1,1,1,1,1,1
1218,17031823704,0,0,0,1,1,1
1219,17031823705,0,1,1,1,1,1
1220,17031823801,0,0,0,1,0,0
1221,17031823803,0,0,0,1,1,1
1222,17031823805,0,0,0,1,1,1
1223,17031823806,1,1,1,1,1,1
1224,17031823901,0,0,0,1,1,1
1225,17031823903,0,0,0,1,1,1
1226,17031823904,0,0,0,1,1,1
1227,17031824003,0,0,0,1,1,1
1228,17031824004,0,0,0,1,1,1
1229,17031824005,0,0,0,1,1,1
1230,17031824006,0,0,0,1,1,1
1231,17031824105,0,0,0,1,1,1
1232,17031824106,0,0,0,1,1,1
1233,17031824107,0,0,0,1,1,1
1234,17031824108,0,0,0,1,1,1
1235,17031824113,0,0,0,1,1,1
1236,17031824114,0,0,0,1,1,1
1237,17031824115,0,0,0,1,1,1
1238,17031824116,0,1,0,1,1,1
1239,17031824117,0,0,0,1,1,1
1240,17031824119,0,0,0,1,1,1
1241,17031824120,0,0,0,1,1,1
1242,17031824121,0,0,0,1,1,1
1243,17031824122,0,0,0,1,1,1
1244,17031824123,0,0,0,1,1,1
1245,17031824300,1,1,1,1,1,1
1246,17031824400,0,1,1,1,1,1
1247,17031824503,0,0,0,1,1,1
1248,17031824505,0,0,0,1,1,1
1249,17031824506,0,0,0,1,1,1
1250,17031824507,0,0,0,1,1,1
1251,17031824601,0,0,0,1,1,1
1252,17031824602,0,0,0,1,1,1
1253,17031824701,0,0,0,0,0,0
1254,17031824702,1,1,0,1,1,1
1255,17031824800,1,1,1,1,1,1
1256,17031824900,0,0,1,1,1,1
1257,17031825000,0,0,0,1,1,1
1258,17031825200,0,0,0,1,1,1
1259,17031825302,0,0,1,1,1,1
1260,17031825303,0,1,0,1,1,1
1261,17031825304,0,0,0,1,1,1
1262,17031825400,0,0,0,1,1,1
1263,17031825501,0,0,0,1,1,1
1264,17031825503,0,1,0,1,1,1
1265,17031825504,1,1,1,1,1,1
1266,17031825505,0,1,1,1,1,1
1267,17031825600,1,1,1,1,1,1
1268,17031825700,1,1,1,1,1,1
1269,17031825801,1,1,1,1,1,1
1270,17031825802,1,1,1,1,1,1
1271,17031825803,1,1,1,1,1,1
1272,17031825900,1,1,1,1,0,1
1273,17031826000,1,1,1,1,0,0
1274,17031826100,1,1,1,1,1,1
1275,17031826201,1,0,0,1,1,1
1276,17031826202,1,1,1,1,1,1
1277,17031826301,0,0,1,1,1,1
1278,17031826303,0,1,1,1,1,1
1279,17031826304,1,1,1,1,1,1
1280,17031826401,1,1,1,1,1,1
1281,17031826402,1,1,1,1,1,1
1282,17031826500,1,1,1,1,1,1
1283,17031826600,1,1,1,1,1,1
1284,17031826700,1,1,1,1,1,1
1285,17031826800,1,1,1,1,1,1
1286,17031826901,1,1,1,1,1,1
1287,17031826902,1,1,1,1,1,1
1288,17031827000,1,1,1,1,1,1
1289,17031827100,1,1,1,1,1,1
1290,17031827200,1,1,1,1,1,1
1291,17031827300,1,1,1,1,1,0
1292,17031827400,1,1,1,1,1,1
1293,17031827500,1,1,1,1,1,1
1294,17031827600,1,1,1,1,1,1
1295,17031827700,1,1,1,1,1,1
1296,17031827801,0,0,1,1,1,1
1297,17031827802,0,0,0,0,0,0
1298,17031827804,0,0,0,1,1,1
1299,17031827805,0,0,0,1,1,1
1300,17031827901,0,0,0,1,1,1
1301,17031827902,1,0,1,1,1,1
1302,17031828000,1,1,1,1,1,1
1303,17031828100,0,1,1,1,1,1
1304,17031828201,0,0,1,1,1,1
1305,17031828202,0,0,0,1,1,1
1306,17031828300,1,1,0,1,1,1
1307,17031828401,0,0,0,1,1,1
1308,17031828402,0,1,0,1,1,1
1309,17031828503,1,1,1,1,0,0
1310,17031828504,1,1,1,1,1,1
1311,17031828505,0,0,1,1,1,1
1312,17031828506,1,1,1,1,1,1
1313,17031828601,0,0,0,1,1,1
1314,17031828602,0,0,0,1,1,1
1315,17031828701,0,0,0,1,1,1
1316,17031828702,0,1,1,1,1,1
1317,17031828801,0,0,0,1,1,1
1318,17031828802,0,0,0,1,1,1
1319,17031828900,1,1,1,1,1,1
1320,17031829000,1,1,1,1,1,1
1321,17031829100,1,1,1,1,1,1
1322,17031829200,1,1,1,1,1,1
1323,17031829301,1,0,0,1,1,1
1324,17031829302,1,1,1,0,0,0
1325,17031829401,1,1,1,1,1,1
1326,17031829402,1,1,1,1,1,1
1327,17031829500,1,1,1,1,1,1
1328,17031829600,1,0,0,1,1,1
1329,17031829700,1,1,1,1,1,1
1330,17031829800,0,0,0,1,1,1
1331,17031829901,0,0,0,1,1,1
1332,17031829902,0,0,0,1,1,1
1333,17031830001,1,1,1,1,1,1
1334,17031830003,0,0,0,1,1,1
1335,17031830004,0,0,0,1,1,1
1336,17031830005,0,0,0,1,1,1
1337,17031830006,0,1,1,1,1,1
1338,17031830007,1,0,1,1,1,1
1339,17031830008,0,0,0,1,1,1
1340,17031830100,0,0,0,1,1,1
1341,17031830201,0,0,1,1,1,1
1342,17031830202,0,0,1,1,1,1
1343,17031830300,1,1,1,1,1,1
1344,17031830400,0,1,1,1,1,1
1345,17031830500,1,1,1,1,1,1
1346,17031830600,1,1,1,0,0,0
1347,17031830700,1,1,1,0,0,0
1348,17031830800,0,0,0,0,0,0
1349,17031830900,0,0,0,0,0,0
1350,17031831000,0,0,0,0,0,0
1351,17031831100,0,0,1,0,0,0
1352,17031831200,1,1,1,0,0,0
1353,17031831300,1,1,1,0,0,0
1354,17031831400,1,1,1,1,1,0
1355,17031831500,0,1,1,0,0,0
1356,17031831600,1,1,1,0,0,0
1357,17031831700,0,0,1,1,1,1
1358,17031831800,0,0,0,1,1,1
1359,17031831900,0,0,0,0,0,0
1360,17031832000,0,0,0,0,0,0
1361,17031832100,0,0,0,0,0,0
1362,17031832200,0,0,0,0,0,0
1363,17031832300,0,0,0,0,0,0
1364,17031832400,1,0,0,0,0,0
1365,17031832500,1,1,0,0,0,0
1366,17031832600,0,0,0,0,0,0
1367,17031832900,1,1,1,1,0,0
1368,17031833000,1,0,0,1,0,0
1369,17031833100,0,0,0,1,1,1
1370,17031833300,1,1,1,1,0,0
1371,17031833900,1,1,1,1,0,0
1372,17031834000,1,1,1,1,1,1
1373,17031834200,1,1,0,0,0,0
1374,17031834300,1,1,0,1,1,1
1375,17031834400,0,1,1,1,0,1
1376,17031834500,1,1,1,1,0,0
1377,17031834600,1,1,1,1,1,1
1378,17031834700,1,1,1,1,1,1
1379,17031834800,1,1,1,1,0,0
1380,17031834900,1,1,1,1,1,1
1381,17031835000,1,1,1,0,0,0
1382,17031835100,1,1,1,1,0,1
1383,17031835200,1,0,1,0,0,1
1384,17031835500,1,1,1,1,1,1
1385,17031835600,1,1,1,1,1,1
1386,17031835700,0,0,0,0,0,0
1387,17031835800,1,1,1,0,0,0
1388,17031835900,1,1,1,1,0,0
1389,17031836000,1,1,1,0,0,0
1390,17031836100,1,1,1,0,0,1
1391,17031836200,1,0,1,0,0,0
1392,17031836300,1,0,1,1,0,0
1393,17031836400,1,1,1,1,0,0
1394,17031836500,1,1,1,1,0,0
1395,17031836600,1,1,1,0,0,0
1396,17031836700,1,1,1,0,0,0
1397,17031836800,1,1,1,0,1,1
1398,17031836900,1,1,1,0,0,1
1399,17031837000,1,1,1,0,0,1
1400,17031837100,1,1,1,0,1,1
1401,17031837300,1,1,1,0,0,0
1402,17031837400,1,1,1,1,0,1
1403,17031837800,1,1,1,1,0,0
1404,17031838000,1,1,1,1,0,0
1405,17031838100,1,1,1,1,1,1
1406,17031838200,1,1,1,1,1,1
1407,17031838300,1,1,0,0,0,0
1408,17031838600,1,1,1,0,0,0
1409,17031838700,1,1,1,0,0,0
1410,17031838800,1,1,1,1,1,1
1411,17031839000,0,0,0,0,0,0
1412,17031839100,0,0,0,0,0,0
1413,17031839200,1,1,1,1,0,1
1414,17031839500,1,1,1,0,0,0
1415,17031839600,0,1,1,1,0,0
1416,17031839700,1,1,1,1,1,1
1417,17031839800,1,1,1,0,0,1
1418,17031839900,0,0,0,1,1,1
1419,17031840000,0,0,0,0,0,1
1420,17031840100,1,1,1,1,0,0
1421,17031840200,1,1,0,0,0,0
1422,17031840300,1,1,1,1,1,1
1423,17031840400,1,1,1,0,0,0
1424,17031840700,1,1,1,0,0,0
1425,17031840800,1,1,1,0,0,0
1426,17031841000,1,0,0,1,1,1
1427,17031841100,1,1,1,1,1,0
1428,17031841200,1,1,1,0,0,0
1429,17031841300,1,1,1,0,0,0
1430,17031841400,1,1,1,0,0,0
1431,17031841500,1,1,1,1,1,1
1432,17031841600,1,1,1,1,1,0
1433,17031841700,1,1,1,1,1,0
1434,17031841800,1,1,1,1,1,0
1435,17031841900,1,0,0,1,0,1
1436,17031842000,1,0,1,1,1,1
1437,17031842100,1,1,1,1,1,1
1438,17031842200,1,0,0,0,0,0
1439,17031842300,0,0,0,0,0,0
1440,17031842400,1,1,1,0,0,0
1441,17031842500,1,1,1,0,0,0
1442,17031842600,1,1,1,1,1,1
1443,17031842800,1,1,1,1,1,1
1444,17031842900,1,1,1,0,0,0
1445,17031843000,1,1,1,0,0,0
1446,17031843100,1,1,1,1,1,1
1447,17031843200,1,1,1,0,0,0
1448,17031843300,1,1,1,1,1,1
1449,17031843400,1,1,1,0,0,0
1450,17031843500,1,1,1,0,0,0
1451,17031843600,1,1,1,1,0,0
1452,17031843700,0,0,0,0,0,0
1453,17031843800,1,1,1,1,1,1
1454,17031843900,0,1,1,1,1,1
1455,17031980000,0,0,0,0,0,0
1456,17031980100,0,0,0,0,0,0
1457,17033880100,0,0,0,1,0,0
1458,17033880200,1,0,1,1,0,0
1459,17033880300,1,0,0,1,1,1
1460,17033880400,1,1,1,1,1,1
1461,17033880500,1,0,1,1,0,0
1462,17033880600,1,0,0,1,0,0
1463,17035972400,1,1,1,1,0,0
1464,17035972500,0,0,0,1,0,0
1465,17035972600,1,0,0,1,0,0
1466,17037000100,0,0,0,1,1,1
1467,17037000200,0,0,0,1,0,0
1468,17037000300,0,0,0,1,0,0
1469,17037000400,0,0,0,1,1,1
1470,17037000500,0,0,1,1,1,1
1471,17037000600,0,0,0,1,1,1
1472,17037000700,0,0,0,1,1,1
1473,17037000800,0,0,0,1,1,1
1474,17037000900,0,1,1,1,1,1
1475,17037001001,1,1,1,1,1,1
1476,17037001002,1,1,1,1,1,1
1477,17037001300,1,1,0,1,1,1
1478,17037001400,0,0,0,1,1,1
1479,17037001500,0,1,1,1,1,1
1480,17037001600,0,0,0,1,0,0
1481,17037001700,0,0,0,1,0,0
1482,17037001800,0,0,0,1,0,0
1483,17037001900,0,0,0,1,0,0
1484,17037002000,0,0,0,1,1,1
1485,17037002100,0,1,1,1,1,1
1486,17037002200,1,1,1,1,1,1
1487,17039971400,0,1,0,1,0,0
1488,17039971500,0,0,0,1,0,0
1489,17039971600,0,0,0,1,0,0
1490,17039971700,0,1,1,1,1,1
1491,17039971800,1,1,1,1,1,1
1492,17041952000,1,0,0,1,0,0
1493,17041952100,0,0,0,1,0,0
1494,17041952200,0,0,0,1,1,1
1495,17041952300,1,0,1,1,0,0
1496,17041952400,0,0,1,1,1,1
1497,17043840000,1,0,0,1,1,1
1498,17043840101,1,0,0,1,1,1
1499,17043840102,0,0,1,1,1,1
1500,17043840103,0,0,0,1,1,1
1501,17043840104,1,1,1,1,1,1
1502,17043840201,0,0,0,1,1,1
1503,17043840202,0,0,0,1,1,1
1504,17043840303,0,0,1,1,1,1
1505,17043840304,0,0,0,1,1,1
1506,17043840600,0,0,0,1,1,1
1507,17043840703,0,0,0,1,1,1
1508,17043840704,0,1,0,1,1,1
1509,17043840705,0,0,0,1,1,1
1510,17043840706,0,0,0,1,1,1
1511,17043840801,1,0,1,0,1,1
1512,17043840802,1,1,0,1,1,1
1513,17043840901,0,0,0,1,1,1
1514,17043840904,1,1,1,1,1,1
1515,17043840906,1,1,1,1,1,1
1516,17043840907,0,0,0,1,1,1
1517,17043840908,0,0,0,1,1,1
1518,17043840910,0,0,1,1,1,1
1519,17043840911,0,0,0,1,1,1
1520,17043841002,0,0,0,1,1,1
1521,17043841003,0,0,0,1,1,1
1522,17043841004,0,0,0,1,1,1
1523,17043841102,0,0,0,1,1,1
1524,17043841103,0,0,0,1,1,1
1525,17043841104,0,0,0,1,1,1
1526,17043841108,0,0,0,1,1,1
1527,17043841109,0,0,0,0,1,1
1528,17043841110,0,0,0,1,1,1
1529,17043841111,0,0,0,1,1,1
1530,17043841112,0,0,0,1,1,1
1531,17043841113,0,0,0,1,1,1
1532,17043841114,0,0,0,1,1,1
1533,17043841204,0,0,0,1,1,1
1534,17043841205,0,0,0,1,1,1
1535,17043841206,0,0,0,1,1,1
1536,17043841207,0,0,0,1,1,1
1537,17043841208,0,0,0,1,1,1
1538,17043841209,0,0,0,1,1,1
1539,17043841210,1,0,0,1,1,1
1540,17043841307,0,0,0,1,1,1
1541,17043841308,0,0,0,1,1,1
1542,17043841310,0,0,0,1,1,1
1543,17043841312,0,0,1,1,1,1
1544,17043841313,0,0,0,1,1,1
1545,17043841314,0,0,0,1,1,1
1546,17043841315,0,0,0,1,1,1
1547,17043841316,0,0,0,1,1,1
1548,17043841318,0,0,0,1,1,1
1549,17043841320,0,0,0,1,1,1
1550,17043841321,0,0,0,1,1,1
1551,17043841322,0,0,0,1,1,1
1552,17043841323,0,0,0,1,1,1
1553,17043841324,0,0,0,1,1,1
1554,17043841325,0,0,0,1,1,1
1555,17043841326,0,0,0,1,1,1
1556,17043841327,0,0,0,1,1,1
1557,17043841401,0,0,0,1,1,1
1558,17043841403,0,0,0,1,1,1
1559,17043841404,0,0,0,1,1,1
1560,17043841501,0,0,0,1,1,1
1561,17043841503,1,1,0,0,1,0
1562,17043841504,0,0,0,1,1,1
1563,17043841603,0,0,0,1,1,1
1564,17043841604,0,0,0,1,0,0
1565,17043841605,0,1,0,1,0,0
1566,17043841606,0,0,0,1,1,1
1567,17043841607,0,0,0,1,1,1
1568,17043841703,1,0,1,1,1,1
1569,17043841704,0,0,0,1,1,1
1570,17043841705,0,0,0,1,1,1
1571,17043841706,1,1,0,1,1,1
1572,17043841801,0,0,0,1,1,1
1573,17043841802,0,0,0,1,1,1
1574,17043841901,0,0,0,1,1,1
1575,17043841902,0,0,0,1,1,1
1576,17043842000,0,0,0,1,1,1
1577,17043842100,0,0,0,1,1,1
1578,17043842200,0,0,0,1,1,1
1579,17043842300,0,0,0,1,1,1
1580,17043842400,0,0,0,1,1,1
1581,17043842500,0,0,0,1,1,1
1582,17043842601,0,0,0,1,1,1
1583,17043842602,0,0,0,1,1,1
1584,17043842603,0,0,0,1,1,1
1585,17043842604,0,0,0,1,1,1
1586,17043842605,0,0,0,1,1,1
1587,17043842702,0,0,0,1,1,1
1588,17043842703,0,0,0,1,1,1
1589,17043842704,0,0,0,1,1,1
1590,17043842706,0,0,0,1,1,1
1591,17043842708,0,0,0,1,1,1
1592,17043842709,0,0,0,1,1,1
1593,17043842710,0,0,0,1,1,1
1594,17043842711,0,0,0,1,1,1
1595,17043842800,0,0,0,1,1,1
1596,17043842900,0,0,0,1,1,1
1597,17043843000,0,0,0,1,1,1
1598,17043843100,0,0,0,1,1,1
1599,17043843200,0,0,0,1,1,1
1600,17043843301,0,0,0,1,1,1
1601,17043843302,0,0,0,1,1,1
1602,17043843400,0,0,0,1,1,1
1603,17043843500,0,0,0,1,1,1
1604,17043843601,0,0,0,1,1,1
1605,17043843602,0,0,0,1,1,1
1606,17043843700,0,0,0,1,1,1
1607,17043843800,0,0,0,1,1,1
1608,17043843900,0,0,0,1,1,1
1609,17043844001,0,0,0,1,1,1
1610,17043844002,0,0,0,1,1,1
1611,17043844100,0,0,0,1,1,1
1612,17043844201,0,0,0,1,1,1
1613,17043844202,0,0,0,1,1,1
1614,17043844301,0,0,0,1,1,1
1615,17043844304,0,0,0,0,0,0
1616,17043844305,0,0,0,1,1,1
1617,17043844306,0,1,1,1,1,1
1618,17043844307,0,0,0,1,1,1
1619,17043844401,0,0,0,1,1,1
1620,17043844402,0,0,0,1,1,1
1621,17043844501,0,0,0,1,1,1
1622,17043844502,0,0,0,1,1,1
1623,17043844601,0,0,0,1,1,1
1624,17043844602,0,0,0,1,1,1
1625,17043844701,0,0,0,1,1,1
1626,17043844702,0,0,0,1,1,1
1627,17043844801,0,0,0,1,0,0
1628,17043844802,0,0,0,1,1,1
1629,17043844901,0,0,0,1,1,1
1630,17043844902,0,0,0,1,1,1
1631,17043845000,0,0,0,1,1,1
1632,17043845100,0,0,0,1,1,1
1633,17043845200,0,0,0,1,1,1
1634,17043845300,0,0,0,1,1,1
1635,17043845401,0,0,0,1,1,1
1636,17043845402,0,0,0,1,1,1
1637,17043845502,1,0,0,0,0,0
1638,17043845505,0,0,0,1,1,1
1639,17043845506,1,0,0,0,1,1
1640,17043845507,0,0,0,1,1,1
1641,17043845508,0,0,0,1,1,1
1642,17043845509,0,0,0,1,0,1
1643,17043845510,0,0,0,1,1,1
1644,17043845601,0,0,0,1,1,1
1645,17043845602,0,0,0,1,1,1
1646,17043845701,0,0,0,1,1,1
1647,17043845702,0,0,0,1,1,1
1648,17043845703,0,0,0,1,1,1
1649,17043845704,0,0,0,1,1,1
1650,17043845802,0,0,0,1,1,1
1651,17043845803,0,0,1,1,0,0
1652,17043845805,0,0,0,1,1,1
1653,17043845807,0,0,0,1,1,1
1654,17043845808,0,0,0,1,1,1
1655,17043845809,0,0,0,1,1,1
1656,17043845810,0,0,0,1,1,1
1657,17043845811,0,0,0,1,1,1
1658,17043845901,0,0,0,1,1,1
1659,17043845902,0,0,0,1,1,1
1660,17043846002,0,0,0,1,1,1
1661,17043846003,0,0,0,1,1,1
1662,17043846004,0,0,0,1,1,1
1663,17043846102,0,0,0,1,1,1
1664,17043846103,0,0,0,1,1,1
1665,17043846104,0,0,0,1,1,1
1666,17043846105,0,0,0,1,1,1
1667,17043846106,0,0,0,1,1,1
1668,17043846201,0,0,0,1,1,1
1669,17043846202,0,0,0,1,1,1
1670,17043846203,0,0,0,1,1,1
1671,17043846205,0,0,0,1,1,1
1672,17043846206,0,0,0,1,1,1
1673,17043846207,0,0,0,1,1,1
1674,17043846208,0,0,0,1,1,1
1675,17043846209,0,0,0,1,1,1
1676,17043846304,0,0,0,1,1,1
1677,17043846305,0,0,0,1,1,1
1678,17043846307,0,0,0,1,1,1
1679,17043846308,0,0,0,1,1,1
1680,17043846310,1,0,1,1,1,1
1681,17043846311,0,0,0,1,1,1
1682,17043846312,0,0,0,1,1,1
1683,17043846313,0,0,0,1,1,1
1684,17043846314,0,0,0,1,1,1
1685,17043846315,0,0,0,1,1,1
1686,17043846404,0,0,0,1,1,0
1687,17043846405,0,0,0,1,1,1
1688,17043846408,0,0,0,1,1,1
1689,17043846409,0,0,0,1,1,1
1690,17043846410,0,0,0,1,1,1
1691,17043846411,0,0,0,1,1,1
1692,17043846412,0,0,0,1,1,1
1693,17043846413,0,0,0,1,1,1
1694,17043846504,0,0,0,1,1,1
1695,17043846507,0,0,0,1,1,1
1696,17043846509,0,0,0,1,1,1
1697,17043846510,0,0,0,1,1,1
1698,17043846511,0,0,0,1,1,1
1699,17043846513,0,0,0,1,1,1
1700,17043846514,0,0,0,1,1,1
1701,17043846515,0,0,0,1,1,1
1702,17043846517,0,0,0,1,1,1
1703,17043846518,0,0,0,1,1,1
1704,17043846519,0,0,0,1,0,0
1705,17043846521,0,0,0,1,1,1
1706,17043846522,0,0,0,1,1,1
1707,17043846523,0,0,0,1,1,1
1708,17043846524,0,0,0,1,1,1
1709,17043846603,1,1,1,1,1,1
1710,17043846604,0,0,0,1,1,1
1711,17043846701,1,0,0,1,1,1
1712,17043846702,1,1,0,1,1,1
1713,17045070100,0,0,0,1,0,0
1714,17045070200,1,1,0,1,0,0
1715,17045070300,1,1,1,1,1,1
1716,17045070400,1,1,1,1,1,1
1717,17045070500,0,0,0,1,0,0
1718,17047956900,0,1,1,1,0,0
1719,17047957000,1,0,0,1,0,0
1720,17047957100,1,1,1,1,0,0
1721,17049950100,0,0,0,1,0,0
1722,17049950200,0,0,0,1,0,0
1723,17049950300,0,0,0,1,0,0
1724,17049950400,1,1,1,1,0,0
1725,17049950500,0,0,0,1,0,0
1726,17049950600,0,0,0,1,1,1
1727,17049950700,0,1,1,1,1,1
1728,17049950800,1,1,1,1,1,1
1729,17051950500,1,1,1,1,0,0
1730,17051950600,1,1,1,1,0,0
1731,17051950700,0,0,1,1,0,0
1732,17051950800,1,1,1,1,1,1
1733,17051950900,1,1,1,1,1,1
1734,17051951000,1,1,1,1,0,0
1735,17051951100,0,1,1,1,0,0
1736,17053961600,1,0,0,1,0,0
1737,17053961700,0,0,0,1,0,0
1738,17053961800,0,0,1,1,1,1
1739,17053961900,0,0,0,1,0,0
1740,17053962000,0,0,1,1,1,1
1741,17055040100,1,1,0,1,0,0
1742,17055040200,1,0,1,1,1,1
1743,17055040300,1,1,1,1,1,1
1744,17055040400,1,1,1,1,0,0
1745,17055040500,0,0,0,1,0,0
1746,17055040600,1,1,1,1,1,1
1747,17055040700,1,1,1,1,1,1
1748,17055040800,0,1,0,1,1,1
1749,17055040900,1,1,1,0,0,0
1750,17055041000,1,1,1,1,1,1
1751,17055041100,1,1,1,1,0,0
1752,17055041200,1,1,1,1,0,0
1753,17057952800,1,0,1,1,0,0
1754,17057952900,0,0,0,1,0,0
1755,17057953000,1,1,1,1,0,0
1756,17057953100,1,1,0,1,0,0
1757,17057953200,1,0,0,1,0,0
1758,17057953300,0,0,0,1,1,1
1759,17057953400,1,1,1,1,1,1
1760,17057953500,1,1,1,1,0,0
1761,17057953600,1,0,1,1,1,1
1762,17057953700,0,1,1,1,0,0
1763,17057953800,0,0,0,1,0,0
1764,17057953900,1,1,1,1,0,0
1765,17059972700,1,0,0,1,0,0
1766,17059972800,1,1,1,1,0,0
1767,17061973600,1,0,1,1,0,0
1768,17061973700,1,1,1,1,1,0
1769,17061973800,0,0,1,1,0,0
1770,17061973900,1,1,1,1,1,1
1771,17061974000,0,0,0,1,0,0
1772,17063000102,0,0,0,1,1,1
1773,17063000103,0,0,0,1,0,0
1774,17063000200,0,0,0,1,1,1
1775,17063000300,1,1,1,1,1,1
1776,17063000400,0,0,0,1,1,1
1777,17063000500,0,0,0,1,0,0
1778,17063000600,0,0,0,1,0,0
1779,17063000700,0,0,0,1,0,0
1780,17063000800,0,0,0,1,1,1
1781,17063000900,0,0,0,1,0,0
1782,17065973100,1,1,1,1,1,1
1783,17065973200,1,1,0,1,0,0
1784,17065973300,0,0,0,1,0,0
1785,17067953700,1,0,1,1,0,0
1786,17067953800,1,1,0,1,1,1
1787,17067953900,0,1,0,1,0,0
1788,17067954000,1,1,1,1,0,0
1789,17067954100,0,1,1,1,1,1
1790,17067954200,0,1,0,1,0,0
1791,17067954300,1,0,1,1,0,0
1792,17069970900,1,1,1,1,0,0
1793,17069971000,1,1,0,1,0,0
1794,17071973300,0,1,1,1,0,0
1795,17071973400,0,0,0,1,0,0
1796,17071973500,1,0,1,1,0,0
1797,17073030100,0,0,0,1,1,1
1798,17073030201,0,0,0,1,0,0
1799,17073030202,0,0,0,1,0,0
1800,17073030203,0,0,0,1,0,0
1801,17073030300,0,0,0,1,1,1
1802,17073030400,0,0,0,1,0,0
1803,17073030500,0,0,0,1,0,0
1804,17073030600,1,1,1,1,1,1
1805,17073030800,1,1,1,1,1,1
1806,17073030900,1,1,1,1,1,1
1807,17073031000,1,1,0,1,1,1
1808,17073031100,1,1,1,1,0,0
1809,17073031200,0,0,0,1,0,0
1810,17075950100,0,1,1,1,0,0
1811,17075950200,0,0,0,1,0,0
1812,17075950300,0,0,0,1,0,0
1813,17075950400,1,1,1,0,1,1
1814,17075950500,1,1,1,1,0,0
1815,17075950600,1,1,1,1,0,0
1816,17075950700,0,0,0,1,0,0
1817,17075950800,0,0,0,1,0,0
1818,17075950900,0,1,1,1,0,0
1819,17077010100,0,0,1,1,0,0
1820,17077010200,1,1,1,1,0,0
1821,17077010300,1,1,1,1,0,0
1822,17077010400,1,0,0,1,1,1
1823,17077010600,1,1,1,1,1,1
1824,17077010700,1,1,1,1,1,1
1825,17077010800,1,1,1,1,1,1
1826,17077010900,1,1,1,1,0,0
1827,17077011000,0,0,0,1,1,1
1828,17077011100,1,1,1,0,1,1
1829,17077011200,1,1,1,1,1,1
1830,17077011400,1,1,1,1,1,1
1831,17077011600,0,0,0,1,0,0
1832,17077011700,1,1,1,1,1,1
1833,17079977300,0,0,0,1,0,0
1834,17079977400,1,1,1,1,1,1
1835,17079977500,0,0,0,1,0,0
1836,17081050100,0,0,0,1,0,0
1837,17081050200,1,0,1,1,0,0
1838,17081050300,0,0,0,1,0,0
1839,17081050400,1,0,1,1,0,0
1840,17081050500,1,0,1,1,1,1
1841,17081050600,0,0,0,1,1,1
1842,17081050700,1,1,1,1,0,0
1843,17081050800,0,0,0,1,1,1
1844,17081050900,1,1,1,1,1,1
1845,17081051000,1,1,1,0,0,0
1846,17081051100,1,1,1,1,1,1
1847,17083010100,0,0,1,1,0,0
1848,17083010200,0,0,0,1,0,0
1849,17083010300,0,0,0,1,0,0
1850,17083010401,0,0,0,1,1,1
1851,17083010402,0,0,1,1,0,0
1852,17083010500,0,0,0,1,0,0
1853,17085020100,0,1,0,1,0,0
1854,17085020200,0,0,0,1,0,0
1855,17085020300,0,0,0,1,1,1
1856,17085020401,0,0,0,1,0,0
1857,17085020402,0,1,1,1,0,0
1858,17085020500,0,1,1,1,0,0
1859,17087977600,1,1,0,1,0,0
1860,17087977700,1,0,0,1,0,0
1861,17087977800,1,1,1,1,0,0
1862,17087980000,0,0,1,1,0,0
1863,17089850101,1,0,0,1,1,1
1864,17089850103,0,0,0,1,1,1
1865,17089850105,0,0,0,1,1,1
1866,17089850106,0,0,0,1,1,1
1867,17089850201,1,0,1,1,1,1
1868,17089850202,1,1,1,1,1,1
1869,17089850301,1,1,1,1,1,1
1870,17089850302,0,1,1,1,1,1
1871,17089850400,0,0,0,1,1,1
1872,17089850500,0,0,0,1,1,1
1873,17089850600,0,0,0,1,1,1
1874,17089850701,0,0,0,1,0,0
1875,17089850702,0,0,0,1,0,0
1876,17089850703,0,0,0,1,0,0
1877,17089850800,1,1,0,1,1,1
1878,17089851000,1,1,1,1,1,1
1879,17089851101,0,0,1,1,1,1
1880,17089851102,0,1,0,1,1,1
1881,17089851301,1,1,1,1,1,1
1882,17089851302,1,1,1,1,1,1
1883,17089851400,1,1,1,1,1,1
1884,17089851500,1,1,1,1,0,0
1885,17089851600,1,1,1,1,1,1
1886,17089851801,0,0,0,1,1,1
1887,17089851904,0,0,0,1,1,1
1888,17089851905,0,0,0,1,1,1
1889,17089851907,0,0,0,1,1,1
1890,17089851908,0,0,0,1,1,1
1891,17089851909,0,0,0,1,1,1
1892,17089851910,0,0,0,1,1,1
1893,17089852001,0,0,0,1,1,1
1894,17089852002,0,0,0,1,1,1
1895,17089852003,0,0,0,1,1,1
1896,17089852101,0,0,0,1,1,1
1897,17089852102,0,0,0,1,1,1
1898,17089852201,0,0,0,1,1,1
1899,17089852202,0,0,0,1,1,1
1900,17089852300,0,0,0,1,1,1
1901,17089852401,0,0,0,1,1,1
1902,17089852402,0,0,0,1,1,1
1903,17089852403,0,0,0,1,0,0
1904,17089852500,0,0,0,1,1,1
1905,17089852601,0,0,0,1,1,1
1906,17089852606,0,0,0,1,1,1
1907,17089852700,0,0,0,1,1,1
1908,17089852803,0,0,0,1,1,1
1909,17089852805,0,0,0,1,1,1
1910,17089852806,0,0,0,1,1,1
1911,17089852807,0,0,0,1,1,1
1912,17089852808,0,0,0,1,1,1
1913,17089852903,0,0,0,1,1,1
1914,17089852904,1,1,1,1,1,1
1915,17089852905,1,1,1,1,1,1
1916,17089852906,0,0,0,1,1,1
1917,17089852907,1,1,1,1,1,1
1918,17089853001,0,0,0,1,1,1
1919,17089853004,1,0,0,1,1,1
1920,17089853005,1,1,1,1,1,1
1921,17089853006,0,0,0,1,1,1
1922,17089853007,1,1,1,1,1,1
1923,17089853008,1,0,1,1,1,1
1924,17089853100,1,1,1,1,1,1
1925,17089853200,1,1,1,1,1,1
1926,17089853300,1,1,1,1,1,1
1927,17089853400,1,1,1,1,0,1
1928,17089853500,1,1,1,1,1,1
1929,17089853600,1,1,1,1,1,1
1930,17089853900,0,0,0,1,1,1
1931,17089854001,0,0,0,1,1,1
1932,17089854002,0,1,0,1,1,1
1933,17089854100,1,1,1,1,1,1
1934,17089854200,1,1,1,1,1,1
1935,17089854301,1,1,1,1,1,1
1936,17089854302,1,1,1,1,1,1
1937,17089854400,1,1,1,1,1,1
1938,17089854501,0,0,0,1,0,0
1939,17089854503,0,0,0,1,0,0
1940,17089854504,0,0,0,1,1,1
1941,17089854600,1,1,1,1,1,1
1942,17089854700,1,1,1,1,1,1
1943,17089854800,0,0,0,1,1,1
1944,17089854900,1,0,1,1,1,1
1945,17091010100,0,0,0,1,0,0
1946,17091010201,0,0,0,1,0,0
1947,17091010202,0,0,0,1,1,1
1948,17091010300,0,0,0,1,0,0
1949,17091010400,0,0,0,1,0,0
1950,17091010500,0,0,0,1,1,1
1951,17091010601,0,0,0,1,1,1
1952,17091010602,0,1,1,1,1,1
1953,17091010701,0,0,0,1,1,1
1954,17091010702,0,0,0,1,1,1
1955,17091010800,0,0,0,1,0,0
1956,17091010900,0,0,0,1,0,0
1957,17091011000,1,1,1,1,0,0
1958,17091011100,0,1,1,1,0,0
1959,17091011200,0,0,0,1,0,0
1960,17091011300,0,0,1,1,0,0
1961,17091011400,1,1,1,1,0,0
1962,17091011500,1,1,1,1,1,1
1963,17091011600,1,1,1,1,1,1
1964,17091011700,1,1,1,1,0,1
1965,17091011800,0,0,1,1,1,1
1966,17091011900,0,0,0,1,1,1
1967,17091012000,1,1,1,1,1,1
1968,17091012100,0,1,0,1,1,1
1969,17091012200,0,1,1,1,1,1
1970,17091012300,1,1,1,1,1,1
1971,17091012400,1,1,1,1,1,1
1972,17091012500,1,1,1,1,1,1
1973,17091012600,0,0,0,1,0,0
1974,17093890101,0,0,0,1,0,0
1975,17093890102,0,0,0,1,1,1
1976,17093890201,0,0,0,1,1,1
1977,17093890202,0,0,1,1,1,1
1978,17093890301,0,0,0,1,1,1
1979,17093890302,0,0,0,1,1,1
1980,17093890400,0,0,0,1,0,0
1981,17093890500,0,0,0,1,1,1
1982,17093890600,0,0,0,1,1,1
1983,17093890700,0,0,0,1,0,0
1984,17095000100,1,0,0,1,0,0
1985,17095000200,0,0,0,1,0,0
1986,17095000300,1,1,1,1,1,1
1987,17095000400,0,0,0,1,1,1
1988,17095000500,0,0,0,1,1,1
1989,17095000600,1,0,1,1,1,1
1990,17095000700,1,1,1,0,0,0
1991,17095000800,1,1,1,1,1,0
1992,17095000900,1,1,1,1,1,1
1993,17095001000,1,1,1,1,1,1
1994,17095001100,1,1,1,1,1,1
1995,17095001200,0,0,0,1,0,0
1996,17095001300,0,1,1,1,1,1
1997,17095001400,0,0,0,1,0,0
1998,17095001500,1,1,1,1,1,1
1999,17095001600,0,0,0,1,0,0
2000,17097860101,0,0,0,1,1,1
2001,17097860103,0,0,0,1,1,1
2002,17097860104,0,0,0,1,1,1
2003,17097860200,0,0,1,0,0,0
2004,17097860301,1,1,1,1,1,1
2005,17097860302,1,1,1,1,1,1
2006,17097860400,0,0,0,1,1,1
2007,17097860500,1,1,1,1,1,1
2008,17097860600,0,0,0,1,1,1
2009,17097860805,0,0,0,1,0,0
2010,17097860806,0,0,0,1,1,1
2011,17097860807,0,0,0,1,1,1
2012,17097860808,0,0,0,1,0,0
2013,17097860809,0,0,0,1,1,1
2014,17097860810,0,0,0,1,1,1
2015,17097860811,0,0,0,1,1,1
2016,17097860903,0,1,1,1,1,1
2017,17097860904,0,0,0,1,0,0
2018,17097860905,0,0,0,1,1,1
2019,17097860906,0,0,0,1,1,1
2020,17097861007,0,0,0,1,1,1
2021,17097861008,0,0,0,1,1,1
2022,17097861009,0,0,0,1,1,1
2023,17097861010,0,0,0,1,0,0
2024,17097861011,0,0,0,1,1,1
2025,17097861012,0,0,0,1,0,0
2026,17097861013,0,0,0,1,1,1
2027,17097861014,0,0,0,1,1,1
2028,17097861105,0,0,0,1,1,1
2029,17097861106,0,0,0,1,1,1
2030,17097861107,0,0,0,1,1,1
2031,17097861108,0,0,0,1,1,1
2032,17097861201,1,1,1,1,1,1
2033,17097861202,0,0,0,1,1,1
2034,17097861301,1,1,1,1,1,1
2035,17097861303,1,1,1,1,1,1
2036,17097861304,1,1,1,1,1,1
2037,17097861402,0,0,0,1,1,1
2038,17097861403,1,1,1,1,1,1
2039,17097861404,0,1,0,1,1,1
2040,17097861504,0,0,0,1,1,1
2041,17097861505,0,0,0,1,1,1
2042,17097861506,0,0,0,1,1,1
2043,17097861507,0,0,0,1,1,1
2044,17097861508,0,0,0,1,1,1
2045,17097861509,0,0,0,1,1,1
2046,17097861510,0,0,0,1,1,1
2047,17097861603,0,0,0,1,1,1
2048,17097861604,0,0,0,1,1,1
2049,17097861607,0,0,0,1,1,1
2050,17097861608,0,0,0,1,1,1
2051,17097861609,0,0,0,1,1,1
2052,17097861610,0,0,0,1,1,1
2053,17097861611,0,0,0,1,1,1
2054,17097861701,0,0,0,1,1,1
2055,17097861702,0,0,0,1,1,1
2056,17097861803,1,1,1,1,1,1
2057,17097861804,1,1,1,1,1,1
2058,17097861901,0,0,1,1,1,1
2059,17097861902,1,1,1,1,1,1
2060,17097862000,1,1,1,1,0,0
2061,17097862100,1,1,1,1,1,1
2062,17097862200,1,1,1,1,1,1
2063,17097862300,1,1,1,1,1,1
2064,17097862401,1,1,1,1,0,0
2065,17097862402,1,1,1,1,1,1
2066,17097862501,1,1,1,1,1,0
2067,17097862502,1,1,1,1,1,0
2068,17097862603,1,1,1,1,1,1
2069,17097862604,1,1,1,1,0,1
2070,17097862605,1,1,1,1,1,1
2071,17097862700,1,1,1,1,1,1
2072,17097862800,1,1,1,1,1,1
2073,17097862901,1,1,1,0,1,0
2074,17097862902,1,1,1,1,0,0
2075,17097863003,0,0,1,1,1,1
2076,17097863004,1,1,1,1,1,1
2077,17097863005,0,0,0,1,1,1
2078,17097863006,0,0,0,0,0,0
2079,17097863100,1,1,1,0,1,1
2080,17097863201,1,1,0,1,1,1
2081,17097863202,0,0,0,1,1,1
2082,17097863300,0,0,0,1,1,1
2083,17097863400,0,0,0,1,1,1
2084,17097863500,0,0,0,1,1,1
2085,17097863601,0,0,0,1,1,1
2086,17097863603,0,0,0,1,1,1
2087,17097863604,0,0,0,1,1,1
2088,17097863701,0,0,0,1,1,1
2089,17097863702,0,0,0,1,1,1
2090,17097863801,0,0,0,1,1,1
2091,17097863902,0,0,0,1,1,1
2092,17097863903,0,0,0,1,1,1
2093,17097863904,0,0,0,1,1,1
2094,17097864001,0,0,0,1,1,1
2095,17097864002,1,1,0,1,1,1
2096,17097864101,0,0,0,1,0,0
2097,17097864105,0,0,0,1,1,1
2098,17097864106,0,0,0,1,1,1
2099,17097864107,0,0,0,1,1,1
2100,17097864108,0,0,0,1,1,1
2101,17097864203,0,0,0,1,0,0
2102,17097864204,0,0,0,1,0,0
2103,17097864205,0,0,0,1,1,1
2104,17097864206,0,0,0,1,1,1
2105,17097864303,0,0,0,1,0,0
2106,17097864305,0,0,0,1,1,1
2107,17097864306,0,0,0,1,1,1
2108,17097864307,0,0,0,1,1,1
2109,17097864308,0,0,0,1,1,1
2110,17097864402,0,0,0,1,1,1
2111,17097864403,0,0,0,1,1,1
2112,17097864407,0,0,0,1,1,1
2113,17097864408,0,0,0,1,1,1
2114,17097864409,0,0,0,1,1,1
2115,17097864410,0,0,0,1,1,1
2116,17097864411,0,0,0,1,1,1
2117,17097864412,0,0,0,1,1,1
2118,17097864505,0,0,0,1,1,1
2119,17097864510,0,0,0,1,1,1
2120,17097864511,0,0,0,1,1,1
2121,17097864512,0,0,0,1,1,1
2122,17097864513,0,0,0,1,1,1
2123,17097864514,0,0,0,1,1,1
2124,17097864515,0,0,0,1,1,1
2125,17097864516,0,0,0,1,1,1
2126,17097864517,0,0,0,1,1,1
2127,17097864518,0,0,0,1,1,1
2128,17097864519,0,0,0,1,1,1
2129,17097864520,0,0,0,1,1,1
2130,17097864521,0,0,0,1,1,1
2131,17097864522,0,0,0,1,1,1
2132,17097864601,0,0,0,1,1,1
2133,17097864602,0,0,0,1,1,1
2134,17097864700,0,0,0,1,1,1
2135,17097864801,0,0,0,1,1,1
2136,17097864802,0,0,0,1,1,1
2137,17097864901,0,0,0,1,1,1
2138,17097864903,0,0,0,1,1,1
2139,17097864904,0,0,0,0,0,0
2140,17097865000,0,0,0,1,1,1
2141,17097865200,0,1,0,1,1,1
2142,17097865300,0,0,0,1,1,1
2143,17097865400,0,0,0,1,1,1
2144,17097865501,0,0,0,1,1,1
2145,17097865502,0,0,0,1,1,1
2146,17097865600,0,0,0,1,1,1
2147,17097865700,0,0,0,1,1,1
2148,17097865801,0,0,0,1,1,1
2149,17097865802,0,0,0,1,1,1
2150,17097866000,0,0,0,1,0,0
2151,17097866100,1,1,1,1,1,1
2152,17097866200,0,0,0,1,0,0
2153,17099961701,0,0,0,1,1,1
2154,17099961702,0,0,0,1,0,0
2155,17099961800,0,0,0,1,0,0
2156,17099961900,0,0,0,1,1,1
2157,17099962000,1,0,1,1,1,1
2158,17099962100,0,0,0,1,0,0
2159,17099962200,0,0,0,1,0,0
2160,17099962300,0,0,0,1,0,0
2161,17099962400,0,0,0,1,0,0
2162,17099962500,0,0,0,1,0,0
2163,17099962600,0,0,1,1,1,1
2164,17099962700,1,1,1,1,1,1
2165,17099962800,1,1,0,1,1,1
2166,17099962900,0,0,0,1,1,1
2167,17099963000,0,0,0,1,1,1
2168,17099963100,0,0,0,1,1,1
2169,17099963200,0,0,1,1,0,0
2170,17099963300,1,1,1,0,0,0
2171,17099963400,0,0,0,1,1,1
2172,17099963500,0,0,0,1,1,1
2173,17099963600,0,0,1,1,1,1
2174,17099963700,0,0,1,1,0,0
2175,17099963800,0,1,1,1,1,1
2176,17099963900,0,0,0,1,1,1
2177,17099964000,0,0,0,1,0,0
2178,17099964100,0,0,0,1,0,0
2179,17099964200,1,1,1,1,1,1
2180,17099964300,1,1,1,1,1,1
2181,17101880700,0,0,0,1,0,0
2182,17101880800,1,1,1,1,0,0
2183,17101880900,1,1,1,1,1,1
2184,17101881000,1,1,1,0,0,0
2185,17101881100,1,1,1,1,1,1
2186,17103000100,0,0,0,1,0,0
2187,17103000200,0,0,0,1,0,0
2188,17103000300,1,0,0,1,1,1
2189,17103000400,1,0,0,1,1,1
2190,17103000500,0,0,0,1,0,0
2191,17103000600,1,1,1,1,1,1
2192,17103000700,0,0,0,1,0,0
2193,17103000800,1,0,0,1,0,0
2194,17103000900,0,0,0,1,0,0
2195,17105960100,0,0,0,1,1,1
2196,17105960200,0,0,0,1,0,0
2197,17105960300,0,0,0,1,0,0
2198,17105960400,0,0,0,1,0,0
2199,17105960500,1,1,1,1,1,1
2200,17105960600,0,0,1,1,1,1
2201,17105960700,0,0,0,1,1,1
2202,17105960800,0,0,0,1,0,0
2203,17105960900,0,0,0,1,0,0
2204,17105961000,0,0,0,1,0,0
2205,17107952900,0,0,0,1,0,0
2206,17107953000,0,0,0,1,0,0
2207,17107953100,1,1,0,1,1,1
2208,17107953200,0,0,0,1,0,0
2209,17107953300,0,0,1,1,1,1
2210,17107953400,0,0,0,1,1,1
2211,17107953500,0,0,0,1,0,0
2212,17107953600,0,0,0,1,0,0
2213,17109010100,0,1,1,1,1,1
2214,17109010200,0,0,0,1,0,0
2215,17109010300,0,0,0,1,1,1
2216,17109010400,1,1,1,1,1,1
2217,17109010500,1,1,1,1,1,1
2218,17109010600,0,1,1,1,1,1
2219,17109010700,0,0,0,1,1,1
2220,17109010900,1,1,1,1,1,1
2221,17109011000,1,1,0,1,0,0
2222,17109011100,1,1,1,1,0,0
2223,17111870101,0,0,0,1,0,0
2224,17111870102,0,0,0,1,1,1
2225,17111870200,0,0,0,1,0,0
2226,17111870301,0,1,1,1,1,1
2227,17111870302,1,1,1,1,1,1
2228,17111870401,0,0,0,1,1,1
2229,17111870402,1,0,0,1,1,1
2230,17111870500,0,0,0,1,0,0
2231,17111870603,1,0,0,1,1,1
2232,17111870604,0,0,0,1,1,1
2233,17111870605,0,0,0,1,1,1
2234,17111870606,0,0,0,1,1,1
2235,17111870702,0,0,0,1,1,1
2236,17111870703,0,0,0,1,0,0
2237,17111870704,0,0,0,1,1,1
2238,17111870803,0,0,0,1,0,0
2239,17111870807,0,0,0,1,1,1
2240,17111870808,0,0,0,1,1,1
2241,17111870809,0,0,0,1,0,0
2242,17111870810,0,0,0,1,1,1
2243,17111870811,0,0,0,1,0,0
2244,17111870812,0,0,0,1,1,1
2245,17111870902,0,0,0,1,0,0
2246,17111870903,0,1,1,1,1,1
2247,17111870904,0,0,0,1,1,1
2248,17111870905,0,0,1,1,1,1
2249,17111871003,0,0,0,1,0,0
2250,17111871004,0,1,0,1,0,0
2251,17111871104,0,0,0,1,1,1
2252,17111871105,0,0,0,1,1,1
2253,17111871106,0,0,0,1,1,1
2254,17111871107,0,0,0,1,1,1
2255,17111871108,0,0,0,1,1,1
2256,17111871109,0,0,0,1,1,1
2257,17111871201,0,0,0,1,1,1
2258,17111871202,0,0,0,1,1,1
2259,17111871205,0,0,0,1,1,1
2260,17111871206,0,0,0,1,1,1
2261,17111871207,0,0,0,1,1,1
2262,17111871208,0,0,0,1,1,1
2263,17111871209,0,0,0,1,1,1
2264,17111871301,0,0,0,1,1,1
2265,17111871304,0,0,0,1,1,1
2266,17111871305,0,0,0,1,1,1
2267,17111871306,0,0,0,1,1,1
2268,17111871307,0,0,0,1,1,1
2269,17111871310,0,0,0,1,1,1
2270,17111871311,0,0,0,1,1,1
2271,17111871402,0,0,0,1,1,1
2272,17111871404,0,0,0,1,1,1
2273,17111871500,0,0,0,1,0,0
2274,17111871600,0,0,0,1,1,1
2275,17113000102,1,1,1,1,1,1
2276,17113000104,1,1,1,1,1,1
2277,17113000105,0,0,0,1,1,1
2278,17113000200,1,1,1,1,1,1
2279,17113000301,1,1,1,1,1,1
2280,17113000302,0,0,1,1,1,1
2281,17113000400,1,1,1,1,1,1
2282,17113000501,1,1,1,1,1,1
2283,17113000502,0,0,0,1,1,1
2284,17113000504,0,0,0,1,1,1
2285,17113000505,0,0,0,1,1,1
2286,17113001103,0,0,0,1,1,1
2287,17113001104,0,0,0,1,1,1
2288,17113001105,0,0,0,1,1,1
2289,17113001106,0,0,1,1,1,1
2290,17113001200,1,1,0,1,1,1
2291,17113001301,0,0,1,1,1,1
2292,17113001302,1,1,1,0,0,0
2293,17113001303,1,1,1,0,0,0
2294,17113001402,0,0,0,1,1,1
2295,17113001403,1,1,0,1,1,1
2296,17113001404,1,1,1,1,1,1
2297,17113001500,1,1,1,1,1,1
2298,17113001600,1,1,1,1,1,1
2299,17113001700,1,1,1,1,1,0
2300,17113001800,0,0,0,1,1,1
2301,17113002101,1,0,1,1,1,1
2302,17113002102,0,0,0,1,0,0
2303,17113005101,0,0,0,1,1,1
2304,17113005102,0,0,0,1,0,0
2305,17113005201,0,0,0,1,1,1
2306,17113005202,0,0,0,1,0,0
2307,17113005400,0,0,0,1,0,0
2308,17113005501,0,0,0,1,1,1
2309,17113005502,0,0,0,1,0,0
2310,17113005601,0,1,1,1,0,0
2311,17113005602,0,0,0,1,0,0
2312,17113005700,0,0,0,1,0,0
2313,17113005800,0,0,1,1,1,1
2314,17113005900,0,1,1,1,1,1
2315,17113006000,0,0,0,1,0,0
2316,17115000200,1,1,1,0,1,1
2317,17115000300,1,1,1,1,1,1
2318,17115000400,1,1,1,1,1,1
2319,17115000500,1,1,1,1,1,1
2320,17115000600,1,1,1,1,1,1
2321,17115000900,1,1,1,1,1,1
2322,17115001000,1,1,1,1,1,1
2323,17115001100,1,1,1,1,1,1
2324,17115001200,1,1,1,1,1,1
2325,17115001300,0,0,0,1,1,1
2326,17115001400,0,0,0,1,1,1
2327,17115001500,0,0,0,1,1,1
2328,17115001600,0,0,1,1,1,1
2329,17115001700,1,1,1,1,1,1
2330,17115001801,0,0,0,1,1,1
2331,17115001802,0,1,1,1,1,1
2332,17115001900,1,1,1,1,1,1
2333,17115002000,1,1,1,1,1,1
2334,17115002100,1,1,1,1,1,1
2335,17115002200,0,0,0,1,0,0
2336,17115002300,0,0,0,1,1,1
2337,17115002401,0,0,0,1,1,1
2338,17115002402,0,0,0,1,1,1
2339,17115002500,0,0,0,1,1,1
2340,17115002601,0,0,0,1,1,1
2341,17115002602,0,0,0,1,0,0
2342,17115002700,0,0,0,1,0,0
2343,17115002800,0,0,0,1,0,0
2344,17115002901,0,0,0,1,1,1
2345,17115002902,0,0,0,1,1,1
2346,17115002903,1,1,1,1,1,1
2347,17115002904,0,1,0,1,1,1
2348,17115003000,0,0,0,1,0,0
2349,17115003100,1,1,1,1,1,1
2350,17117956000,0,0,0,1,1,1
2351,17117956100,0,0,0,1,0,0
2352,17117956200,1,0,1,1,0,0
2353,17117956300,0,0,0,1,0,0
2354,17117956400,0,0,1,1,1,1
2355,17117956500,0,0,0,1,0,0
2356,17117956600,0,0,0,1,0,0
2357,17117956700,0,0,0,1,0,0
2358,17117956800,0,0,0,1,0,0
2359,17117956900,1,1,1,1,1,1
2360,17117957000,1,1,1,1,0,0
2361,17117957100,0,0,0,1,0,0
2362,17117957200,0,0,1,1,1,1
2363,17119400101,0,1,1,1,1,1
2364,17119400102,1,1,1,1,1,1
2365,17119400200,1,1,1,1,1,1
2366,17119400600,1,1,1,0,1,1
2367,17119400700,1,1,1,1,1,1
2368,17119400801,0,0,0,0,1,1
2369,17119400802,1,0,1,1,1,1
2370,17119400903,1,1,1,1,0,0
2371,17119400904,0,0,0,1,1,1
2372,17119400951,0,0,0,1,1,1
2373,17119400952,0,1,0,1,1,1
2374,17119401000,1,1,1,1,1,1
2375,17119401100,0,0,1,1,1,1
2376,17119401200,0,0,1,1,1,1
2377,17119401300,1,1,1,1,1,1
2378,17119401400,1,1,1,1,1,1
2379,17119401500,1,1,1,1,1,1
2380,17119401701,1,1,1,1,1,1
2381,17119401721,0,0,0,1,1,1
2382,17119401722,0,0,0,1,1,1
2383,17119401800,0,0,0,1,1,1
2384,17119401901,1,0,0,1,0,0
2385,17119401903,0,1,1,1,1,1
2386,17119401904,0,0,0,1,1,1
2387,17119402000,1,1,1,1,1,1
2388,17119402100,1,1,1,1,1,1
2389,17119402200,1,1,1,1,1,1
2390,17119402300,0,0,0,1,1,1
2391,17119402400,1,1,1,1,1,1
2392,17119402500,1,1,1,1,1,1
2393,17119402600,1,1,1,1,1,1
2394,17119402701,0,0,0,1,1,1
2395,17119402721,0,0,0,1,1,1
2396,17119402722,0,0,0,1,1,1
2397,17119402801,0,0,0,1,0,0
2398,17119402802,0,0,0,1,0,0
2399,17119402803,0,0,0,1,0,0
2400,17119402900,0,0,0,1,1,1
2401,17119403001,1,0,0,1,1,1
2402,17119403002,0,0,0,1,1,1
2403,17119403101,1,0,1,1,1,1
2404,17119403121,0,0,0,1,1,1
2405,17119403122,0,0,0,1,1,1
2406,17119403200,1,1,1,1,1,1
2407,17119403300,1,1,1,1,1,1
2408,17119403401,0,0,0,1,1,1
2409,17119403402,1,0,1,1,1,1
2410,17119403502,0,0,0,1,1,1
2411,17119403531,0,0,0,1,1,1
2412,17119403532,0,0,0,1,0,0
2413,17119403533,0,0,0,1,1,1
2414,17119403534,0,0,0,1,1,1
2415,17119403601,0,0,0,1,1,1
2416,17119403603,0,0,0,1,1,1
2417,17119403604,0,0,0,1,1,1
2418,17119403701,0,0,0,1,0,0
2419,17119403702,0,0,0,1,0,0
2420,17119403801,0,0,0,1,0,0
2421,17119403802,0,0,0,1,0,0
2422,17119404000,1,1,1,1,1,1
2423,17119404100,0,1,1,1,0,0
2424,17121951600,1,1,1,1,0,0
2425,17121951700,0,0,0,1,0,0
2426,17121951800,1,1,1,1,0,0
2427,17121951900,1,0,0,1,0,0
2428,17121952000,0,0,1,1,1,1
2429,17121952100,1,1,1,1,1,1
2430,17121952200,0,0,0,1,0,0
2431,17121952300,0,0,0,1,0,0
2432,17121952400,0,0,0,1,1,1
2433,17121952500,1,1,1,1,1,1
2434,17121952600,1,1,1,1,1,1
2435,17121952700,1,1,1,1,1,1
2436,17123961100,0,0,0,1,0,0
2437,17123961200,1,0,0,1,0,0
2438,17123961300,0,0,0,1,0,0
2439,17123961400,0,0,0,1,0,0
2440,17123961500,0,0,0,1,0,0
2441,17125956300,0,0,0,1,0,0
2442,17125956400,0,1,1,1,0,0
2443,17125956500,1,1,1,1,1,1
2444,17125956600,0,1,1,1,0,0
2445,17125956700,0,0,0,1,0,0
2446,17125956800,1,1,1,1,0,0
2447,17127970100,0,0,0,1,0,0
2448,17127970200,1,1,1,1,1,1
2449,17127970300,1,1,1,1,0,0
2450,17127970400,1,1,1,1,1,1
2451,17129010100,0,0,0,1,0,0
2452,17129010200,0,0,0,1,1,1
2453,17129010300,0,0,0,1,0,0
2454,17131040100,0,0,0,1,0,0
2455,17131040200,0,0,1,1,0,0
2456,17131040300,1,0,0,1,1,1
2457,17131040400,0,0,0,1,0,0
2458,17133600101,0,0,0,1,1,1
2459,17133600102,0,0,0,1,1,1
2460,17133600401,0,0,0,1,1,1
2461,17133600402,0,0,0,1,0,0
2462,17133600501,0,0,0,1,0,0
2463,17133600502,0,0,0,1,0,0
2464,17135957300,1,1,0,1,0,0
2465,17135957400,1,1,1,1,0,0
2466,17135957500,0,1,0,1,0,0
2467,17135957600,0,0,0,1,0,0
2468,17135957700,1,1,1,1,1,1
2469,17135957800,1,1,1,1,1,1
2470,17135957900,0,0,1,1,1,1
2471,17135958000,1,0,1,1,0,0
2472,17137951400,0,1,1,1,0,0
2473,17137951500,0,0,0,1,0,0
2474,17137951600,1,1,1,1,1,1
2475,17137951700,1,1,1,1,1,1
2476,17137951800,1,0,0,1,1,1
2477,17137951900,0,0,0,1,1,1
2478,17137952000,1,1,1,1,1,1
2479,17137952100,0,0,1,1,1,1
2480,17137952200,0,0,0,1,0,0
2481,17137952300,0,0,0,1,0,0
2482,17139976900,1,0,0,1,0,0
2483,17139977000,1,1,1,1,0,0
2484,17139977100,0,0,0,1,0,0
2485,17139977200,1,1,0,1,1,1
2486,17141960700,0,0,0,1,0,0
2487,17141960800,0,0,0,1,0,0
2488,17141960900,0,0,1,1,1,1
2489,17141961000,0,0,0,1,0,0
2490,17141961100,0,1,0,1,0,0
2491,17141961200,0,0,0,1,0,0
2492,17141961300,0,0,0,1,0,0
2493,17141961400,0,0,0,1,1,1
2494,17141961500,0,0,0,1,0,0
2495,17141961600,0,1,1,1,1,1
2496,17141961700,0,0,0,1,1,1
2497,17143000100,1,1,1,1,1,1
2498,17143000200,1,1,1,1,1,1
2499,17143000300,1,1,1,1,1,1
2500,17143000500,1,1,1,1,1,1
2501,17143000600,1,1,1,0,0,1
2502,17143000900,1,1,1,1,1,1
2503,17143001200,1,1,1,0,0,0
2504,17143001300,1,1,1,1,1,1
2505,17143001500,1,1,1,1,1,1
2506,17143001600,1,1,1,1,1,1
2507,17143001800,1,1,1,1,1,1
2508,17143001900,1,1,1,1,1,1
2509,17143002000,0,1,1,1,1,1
2510,17143002100,1,1,1,1,1,1
2511,17143002200,1,1,1,1,1,1
2512,17143002300,0,0,0,0,1,1
2513,17143002400,1,0,1,1,1,1
2514,17143002500,1,1,1,0,0,1
2515,17143002600,1,0,0,1,1,1
2516,17143002701,1,1,1,1,1,1
2517,17143002702,1,1,0,1,0,1
2518,17143002800,0,1,0,1,1,1
2519,17143002900,0,0,0,1,1,1
2520,17143003000,0,0,0,1,1,1
2521,17143003101,0,0,1,1,1,1
2522,17143003102,0,0,0,1,1,1
2523,17143003200,0,0,0,1,1,1
2524,17143003300,0,0,0,1,1,1
2525,17143003401,0,0,0,1,1,1
2526,17143003402,0,0,0,1,0,0
2527,17143003601,0,0,0,1,0,0
2528,17143003602,0,0,1,1,1,1
2529,17143003700,0,0,0,1,0,0
2530,17143003800,0,0,0,1,0,0
2531,17143003900,0,0,0,1,0,0
2532,17143004000,0,0,0,1,0,0
2533,17143004101,0,0,0,1,0,0
2534,17143004102,0,0,1,1,1,1
2535,17143004200,0,0,1,1,1,1
2536,17143004300,1,1,1,1,0,0
2537,17143004400,1,1,1,1,1,1
2538,17143004500,0,0,1,1,1,1
2539,17143004600,0,0,1,1,1,1
2540,17143004801,0,0,0,1,1,1
2541,17143004802,1,1,0,1,1,1
2542,17143004901,0,0,0,1,0,0
2543,17143004902,0,0,0,1,0,0
2544,17143005000,1,1,1,1,1,1
2545,17145030100,1,1,0,1,0,0
2546,17145030200,0,0,1,1,0,0
2547,17145030300,1,1,1,1,0,0
2548,17145030400,1,1,1,1,1,1
2549,17145030500,0,0,0,1,0,0
2550,17145030600,1,1,1,1,1,1
2551,17147954500,0,0,0,1,0,0
2552,17147954600,0,0,0,1,1,1
2553,17147954700,1,0,1,1,0,0
2554,17147954800,0,0,0,1,0,0
2555,17149952400,1,1,1,1,0,0
2556,17149952500,1,1,1,1,0,0
2557,17149952600,1,1,1,1,0,0
2558,17149952700,1,1,1,1,1,1
2559,17149952800,1,1,1,1,0,0
2560,17151971200,1,1,0,1,0,0
2561,17151971300,1,0,1,1,0,0
2562,17153971000,1,1,1,1,0,0
2563,17153971100,1,1,1,1,0,0
2564,17155954500,0,0,0,1,0,0
2565,17155954600,0,0,0,1,0,0
2566,17157950500,1,0,0,1,0,0
2567,17157950600,1,1,1,1,1,1
2568,17157950700,1,0,1,1,0,0
2569,17157950800,0,0,0,1,1,1
2570,17157950900,0,0,0,1,0,0
2571,17157951000,0,0,0,1,0,0
2572,17157951100,1,1,1,1,0,0
2573,17157951200,0,1,0,1,1,1
2574,17157951300,0,1,0,1,0,0
2575,17159977900,0,0,0,1,0,0
2576,17159978000,1,1,1,1,1,1
2577,17159978100,0,1,0,1,1,1
2578,17159978200,1,1,1,1,1,1
2579,17159978300,0,0,1,1,0,0
2580,17161020100,0,0,0,1,0,0
2581,17161020200,1,1,1,1,1,1
2582,17161020300,1,1,1,1,1,1
2583,17161020400,0,0,0,1,0,0
2584,17161020600,1,1,1,1,1,1
2585,17161020700,1,1,1,1,1,1
2586,17161020800,0,0,0,1,1,1
2587,17161020900,0,0,1,1,1,1
2588,17161021000,1,1,1,1,1,1
2589,17161021100,0,0,0,1,1,1
2590,17161021200,0,0,0,1,1,1
2591,17161021300,0,0,1,1,1,1
2592,17161021400,0,1,1,1,1,1
2593,17161021500,0,0,0,1,1,1
2594,17161021600,1,0,1,1,1,1
2595,17161021700,1,1,1,1,1,1
2596,17161021800,0,0,0,1,1,1
2597,17161021900,1,1,1,1,0,0
2598,17161022000,0,0,0,1,1,1
2599,17161022100,0,0,0,1,1,1
2600,17161022200,1,1,1,1,1,1
2601,17161022300,1,1,1,1,1,1
2602,17161022600,1,1,1,1,1,1
2603,17161022800,0,1,1,1,1,1
2604,17161022900,0,0,0,0,0,0
2605,17161023000,0,0,0,1,1,1
2606,17161023100,0,0,0,1,1,1
2607,17161023200,0,0,0,1,1,1
2608,17161023300,1,1,1,1,1,1
2609,17161023500,1,1,1,1,1,1
2610,17161023600,1,1,1,1,1,1
2611,17161023700,1,1,1,1,1,1
2612,17161024000,0,0,0,1,1,1
2613,17161024101,0,0,0,1,0,0
2614,17161024102,0,0,0,1,0,0
2615,17161024103,0,0,0,1,0,0
2616,17161024200,0,0,1,1,1,1
2617,17161024300,1,1,0,1,1,1
2618,17161024400,1,1,1,1,1,1
2619,17161024500,1,1,1,1,1,1
2620,17163500400,1,1,1,1,1,1
2621,17163500500,1,1,1,1,1,1
2622,17163500900,1,1,1,1,1,1
2623,17163501100,1,1,1,0,1,1
2624,17163501200,1,1,1,1,1,1
2625,17163501300,1,1,1,1,1,1
2626,17163501400,1,1,1,1,1,0
2627,17163501501,0,1,0,1,1,1
2628,17163501502,0,0,0,1,1,1
2629,17163501602,1,1,1,1,1,1
2630,17163501603,1,1,1,1,1,1
2631,17163501604,0,1,1,1,1,1
2632,17163501605,0,0,0,1,1,1
2633,17163501700,1,1,1,1,1,1
2634,17163501800,1,1,1,1,1,1
2635,17163501900,0,0,1,1,1,1
2636,17163502100,1,1,1,1,1,1
2637,17163502200,1,1,1,1,1,1
2638,17163502300,1,1,1,1,1,1
2639,17163502401,1,1,1,1,1,1
2640,17163502404,1,1,1,1,1,1
2641,17163502500,1,1,1,1,1,1
2642,17163502602,1,1,1,1,1,1
2643,17163502603,1,1,1,1,1,1
2644,17163502700,1,1,1,1,1,1
2645,17163502800,1,1,1,1,1,1
2646,17163502900,1,1,1,1,1,1
2647,17163503100,0,0,1,1,0,0
2648,17163503202,0,0,0,1,0,0
2649,17163503203,0,0,0,1,0,0
2650,17163503211,0,0,0,1,1,1
2651,17163503301,1,1,1,1,1,1
2652,17163503304,0,0,0,1,1,1
2653,17163503322,0,0,0,1,1,1
2654,17163503323,0,0,0,1,1,1
2655,17163503324,0,0,0,1,1,1
2656,17163503332,0,0,0,1,1,1
2657,17163503334,0,0,0,1,1,1
2658,17163503402,0,0,0,1,1,1
2659,17163503404,0,0,0,1,0,0
2660,17163503411,0,0,1,1,1,1
2661,17163503412,0,0,0,1,1,1
2662,17163503413,0,0,0,1,1,1
2663,17163503414,0,0,1,1,1,1
2664,17163503800,0,0,0,1,1,1
2665,17163503903,0,0,0,1,0,0
2666,17163503904,0,0,0,1,0,0
2667,17163503905,0,0,0,1,0,0
2668,17163503906,0,0,0,1,0,0
2669,17163504001,0,0,0,1,0,0
2670,17163504002,0,0,0,1,0,0
2671,17163504302,0,0,0,1,1,1
2672,17163504303,0,0,0,1,1,1
2673,17163504351,0,0,0,1,1,1
2674,17163504352,0,0,0,1,1,1
2675,17163504353,0,0,0,1,1,1
2676,17163504354,0,0,0,1,1,1
2677,17163504355,0,0,0,1,1,1
2678,17163504500,1,1,1,1,1,1
2679,17163504600,1,1,1,1,0,0
2680,17165955100,1,1,1,1,1,1
2681,17165955500,1,1,1,1,1,1
2682,17165955600,1,1,0,1,0,0
2683,17165955700,1,1,0,1,0,0
2684,17165955800,1,1,1,1,1,1
2685,17165955900,1,1,1,1,1,1
2686,17165956000,1,1,1,1,1,1
2687,17165956100,1,1,1,1,0,0
2688,17165956200,0,0,1,1,0,0
2689,17167000100,0,0,1,1,1,1
2690,17167000201,0,0,0,1,1,1
2691,17167000202,1,1,1,1,1,1
2692,17167000300,1,1,1,1,1,1
2693,17167000400,1,1,1,1,1,1
2694,17167000501,0,0,0,1,1,1
2695,17167000503,1,0,1,1,1,1
2696,17167000504,0,0,0,1,1,1
2697,17167000600,1,1,1,1,1,1
2698,17167000700,1,1,1,1,1,1
2699,17167000800,1,1,1,1,1,1
2700,17167000900,1,1,1,1,0,1
2701,17167001001,0,0,0,1,1,1
2702,17167001003,0,0,0,1,1,1
2703,17167001004,0,0,0,1,1,1
2704,17167001100,0,0,1,1,1,0
2705,17167001200,0,1,0,1,1,1
2706,17167001300,1,1,1,1,0,1
2707,17167001400,1,1,1,1,1,1
2708,17167001500,1,1,1,1,1,1
2709,17167001600,1,1,1,1,1,1
2710,17167001700,1,1,1,1,1,1
2711,17167001800,1,1,1,1,1,1
2712,17167001900,1,1,1,1,1,1
2713,17167002000,0,0,0,1,1,1
2714,17167002100,0,0,0,1,1,1
2715,17167002200,0,1,1,1,1,1
2716,17167002300,1,1,1,1,1,1
2717,17167002400,1,1,1,1,1,1
2718,17167002500,1,0,1,1,1,1
2719,17167002600,1,1,1,1,1,1
2720,17167002700,1,1,1,1,1,1
2721,17167002801,1,1,1,1,1,1
2722,17167002802,1,1,1,0,0,0
2723,17167002900,0,0,0,1,1,1
2724,17167003000,0,0,0,1,1,1
2725,17167003100,0,0,0,1,1,1
2726,17167003201,0,0,0,1,1,1
2727,17167003202,0,0,0,1,1,1
2728,17167003203,0,0,0,1,0,0
2729,17167003300,0,0,0,1,0,0
2730,17167003400,0,0,0,1,1,1
2731,17167003500,0,0,0,1,0,0
2732,17167003601,0,0,0,1,0,0
2733,17167003602,0,0,0,1,1,1
2734,17167003603,0,0,0,1,1,1
2735,17167003604,0,0,0,1,1,1
2736,17167003700,0,0,0,1,0,0
2737,17167003801,1,0,1,1,1,1
2738,17167003802,0,0,0,1,0,0
2739,17167003901,0,0,0,1,0,0
2740,17167003902,0,0,0,1,0,0
2741,17167004000,0,0,0,1,0,0
2742,17169970100,1,1,1,1,0,0
2743,17169970200,1,1,1,1,1,1
2744,17169970300,0,0,0,1,0,0
2745,17171970600,0,0,0,1,0,0
2746,17171970700,0,0,0,1,0,0
2747,17173959100,0,0,0,1,0,0
2748,17173959200,0,1,1,1,0,0
2749,17173959300,1,1,1,1,1,1
2750,17173959400,0,0,1,1,0,0
2751,17173959500,0,0,0,1,0,0
2752,17173959600,1,1,1,1,0,0
2753,17175951400,1,0,0,1,0,0
2754,17175951500,0,0,0,1,0,0
2755,17177000100,0,0,0,1,0,0
2756,17177000200,0,0,0,1,0,0
2757,17177000300,1,0,1,1,0,0
2758,17177000400,0,0,0,1,0,0
2759,17177000500,0,0,0,1,0,0
2760,17177000600,0,0,0,1,0,0
2761,17177000700,1,1,1,1,0,0
2762,17177000800,1,1,1,1,1,1
2763,17177000900,0,1,0,1,1,1
2764,17177001000,0,0,0,1,1,1
2765,17177001100,0,1,1,1,1,1
2766,17177001200,1,1,1,1,1,1
2767,17177001300,1,1,1,1,1,1
2768,17179020100,1,1,0,1,1,1
2769,17179020301,0,0,1,1,1,1
2770,17179020302,0,1,0,1,1,1
2771,17179020400,1,1,1,1,1,1
2772,17179020500,0,0,0,1,1,1
2773,17179020600,0,1,1,1,1,1
2774,17179020700,0,0,0,1,1,1
2775,17179020800,1,1,1,1,1,1
2776,17179020900,1,1,1,1,1,1
2777,17179021000,1,1,1,1,1,1
2778,17179021101,1,1,1,1,1,1
2779,17179021102,0,0,0,1,1,1
2780,17179021201,0,0,0,1,0,0
2781,17179021202,0,0,0,1,1,1
2782,17179021203,0,0,0,1,1,1
2783,17179021500,0,0,0,1,0,0
2784,17179021603,0,0,0,1,1,0
2785,17179021604,0,0,0,1,1,1
2786,17179021605,0,0,0,1,1,1
2787,17179021606,0,0,0,1,1,1
2788,17179021701,0,0,0,1,0,0
2789,17179021702,0,0,0,1,0,0
2790,17179021801,0,0,1,1,0,0
2791,17179021802,0,0,0,1,0,0
2792,17179021900,0,0,0,1,0,0
2793,17179022000,0,0,0,1,0,0
2794,17179022100,0,0,0,1,1,1
2795,17179022200,0,0,0,1,1,1
2796,17179022300,0,0,0,1,1,1
2797,17179022400,0,0,0,1,1,1
2798,17181950100,0,1,1,1,0,0
2799,17181950200,1,1,0,1,0,0
2800,17181950300,1,1,1,1,1,1
2801,17181950400,1,1,1,1,1,1
2802,17181950500,1,1,0,1,0,0
2803,17183000100,1,1,1,0,0,1
2804,17183000200,1,1,1,1,1,1
2805,17183000300,1,1,1,0,0,0
2806,17183000400,1,1,1,1,1,1
2807,17183000500,1,1,1,1,1,1
2808,17183000600,1,1,1,1,1,1
2809,17183000700,0,0,0,1,1,1
2810,17183000800,1,1,1,1,1,1
2811,17183000900,1,1,1,1,1,1
2812,17183001200,0,0,1,1,0,0
2813,17183001300,0,0,0,1,1,1
2814,17183010100,1,0,0,1,0,0
2815,17183010200,1,1,1,1,1,1
2816,17183010300,0,0,0,1,0,0
2817,17183010400,0,0,0,1,0,0
2818,17183010500,1,1,1,1,0,0
2819,17183010600,1,1,1,1,1,1
2820,17183010701,1,1,1,1,1,1
2821,17183010702,0,0,0,1,0,0
2822,17183010800,1,0,0,1,0,0
2823,17183010900,0,0,0,1,0,0
2824,17183011000,1,1,1,1,1,1
2825,17183011100,1,0,1,1,0,0
2826,17183011200,1,1,1,1,0,0
2827,17185957200,0,0,0,1,0,0
2828,17185957300,1,0,0,1,1,1
2829,17185957400,0,0,1,1,1,1
2830,17185957500,1,1,1,1,1,1
2831,17187870100,1,0,0,1,0,0
2832,17187870200,0,1,1,1,0,0
2833,17187870300,0,0,0,1,0,0
2834,17187870400,1,1,1,1,1,1
2835,17187870500,1,1,1,1,1,1
2836,17189950100,0,0,0,1,0,0
2837,17189950200,0,0,0,1,0,0
2838,17189950300,0,1,0,1,1,1
2839,17189950400,0,0,0,1,0,0
2840,17191954900,0,0,0,1,0,0
2841,17191955000,1,1,1,1,0,0
2842,17191955100,1,1,1,1,1,1
2843,17191955200,1,1,1,1,1,1
2844,17191955300,1,0,1,1,0,0
2845,17193958000,1,1,1,1,1,1
2846,17193958100,1,1,0,1,1,1
2847,17193958200,0,0,1,1,0,0
2848,17193958300,1,0,1,1,0,0
2849,17193958400,0,0,0,1,0,0
2850,17195000100,0,0,0,1,0,0
2851,17195000200,0,0,0,1,0,0
2852,17195000300,0,0,1,1,1,1
2853,17195000400,0,0,0,1,0,0
2854,17195000500,0,0,0,1,1,1
2855,17195000600,0,0,0,1,0,0
2856,17195000700,0,0,0,1,0,0
2857,17195000800,0,1,0,1,0,0
2858,17195000900,0,0,0,1,1,1
2859,17195001000,1,1,1,1,1,1
2860,17195001100,1,0,0,1,1,1
2861,17195001200,1,1,0,1,1,1
2862,17195001300,1,1,1,1,1,1
2863,17195001400,0,0,0,1,1,1
2864,17195001500,1,1,1,1,1,1
2865,17195001600,1,1,0,1,1,1
2866,17195001700,1,1,1,1,1,1
2867,17195001800,0,0,0,1,0,0
2868,17197880105,0,0,0,1,1,1
2869,17197880106,0,0,0,1,1,1
2870,17197880107,0,0,1,1,1,1
2871,17197880109,0,0,0,1,1,1
2872,17197880111,0,0,0,1,1,1
2873,17197880112,0,0,0,1,1,1
2874,17197880113,1,1,1,1,1,1
2875,17197880114,1,1,1,1,1,1
2876,17197880115,1,1,0,1,1,1
2877,17197880116,0,0,0,1,1,1
2878,17197880117,0,1,1,1,1,1
2879,17197880118,0,0,0,1,1,1
2880,17197880119,0,0,0,1,1,1
2881,17197880120,0,0,0,1,1,1
2882,17197880121,0,0,0,1,1,1
2883,17197880202,0,0,0,1,1,1
2884,17197880203,0,1,0,1,1,1
2885,17197880204,0,0,0,1,1,1
2886,17197880303,0,0,0,1,1,1
2887,17197880304,0,0,0,1,1,1
2888,17197880305,0,0,0,1,1,1
2889,17197880306,0,0,0,1,1,1
2890,17197880307,0,0,0,1,1,1
2891,17197880308,0,0,0,1,1,1
2892,17197880309,0,0,0,1,1,1
2893,17197880310,0,0,0,1,1,1
2894,17197880312,0,0,0,1,1,1
2895,17197880313,0,0,0,1,1,1
2896,17197880314,0,0,0,1,1,1
2897,17197880404,0,0,0,1,1,1
2898,17197880408,0,0,0,1,1,1
2899,17197880410,0,0,0,1,1,1
2900,17197880411,0,0,0,1,1,1
2901,17197880412,0,0,0,1,1,1
2902,17197880414,0,0,0,1,1,1
2903,17197880415,0,0,0,1,1,1
2904,17197880416,0,0,0,1,1,1
2905,17197880417,0,0,0,1,1,1
2906,17197880418,0,0,0,1,1,1
2907,17197880419,0,0,0,1,1,1
2908,17197880420,0,0,0,1,1,1
2909,17197880421,0,0,0,1,1,1
2910,17197880502,0,0,0,1,1,1
2911,17197880503,0,0,1,1,1,1
2912,17197880505,0,0,0,1,1,1
2913,17197880507,0,0,0,1,1,1
2914,17197880601,0,0,0,1,1,1
2915,17197880602,0,0,0,1,1,1
2916,17197880701,0,0,0,1,1,1
2917,17197880702,1,1,1,1,1,1
2918,17197880901,0,0,0,1,1,1
2919,17197880903,1,1,1,1,1,1
2920,17197880905,1,0,1,1,1,1
2921,17197881001,0,0,0,1,1,1
2922,17197881002,0,0,0,1,1,1
2923,17197881005,0,0,0,1,1,1
2924,17197881006,0,0,0,1,1,1
2925,17197881007,0,0,0,1,1,1
2926,17197881009,0,0,0,1,1,1
2927,17197881010,0,0,0,1,1,1
2928,17197881011,0,0,0,1,1,1
2929,17197881012,0,0,0,1,1,1
2930,17197881105,0,0,0,1,1,1
2931,17197881107,0,0,0,1,1,1
2932,17197881108,0,0,0,1,1,1
2933,17197881109,0,0,0,1,1,1
2934,17197881111,0,0,0,1,1,1
2935,17197881112,0,0,0,1,1,1
2936,17197881113,0,0,0,1,1,1
2937,17197881115,0,0,0,1,1,1
2938,17197881116,0,0,0,1,1,1
2939,17197881200,1,1,1,1,1,1
2940,17197881301,1,1,1,1,1,1
2941,17197881302,1,1,1,0,0,0
2942,17197881401,1,1,1,1,1,1
2943,17197881402,1,0,1,1,0,0
2944,17197881500,1,0,0,1,1,1
2945,17197881601,0,0,0,1,1,1
2946,17197881603,1,1,1,1,1,1
2947,17197881604,1,1,1,1,1,1
2948,17197881700,0,0,0,1,1,1
2949,17197881800,0,1,1,1,1,1
2950,17197881900,1,1,1,1,1,1
2951,17197882000,1,1,1,1,0,1
2952,17197882100,1,1,1,0,0,0
2953,17197882200,1,1,1,1,1,1
2954,17197882300,1,1,1,1,1,1
2955,17197882400,1,1,1,1,1,1
2956,17197882500,1,1,1,1,1,1
2957,17197882601,0,0,1,1,1,1
2958,17197882602,1,1,1,1,1,1
2959,17197882701,0,0,0,1,1,1
2960,17197882702,1,1,1,1,1,1
2961,17197882801,1,0,1,1,1,1
2962,17197882802,1,1,1,1,1,0
2963,17197882900,1,1,1,1,1,1
2964,17197883000,0,1,1,1,1,1
2965,17197883100,1,1,1,1,1,1
2966,17197883206,0,0,0,1,1,1
2967,17197883208,1,0,1,1,1,1
2968,17197883209,0,0,0,1,1,1
2969,17197883210,0,0,0,1,1,1
2970,17197883211,0,0,0,1,1,1
2971,17197883212,0,0,0,1,1,1
2972,17197883213,0,0,0,1,1,1
2973,17197883214,0,0,0,1,1,1
2974,17197883215,0,0,0,1,1,1
2975,17197883216,0,0,0,1,1,1
2976,17197883303,0,0,0,1,1,1
2977,17197883304,0,0,0,1,0,0
2978,17197883305,0,0,0,1,1,1
2979,17197883306,0,0,0,1,1,1
2980,17197883307,0,0,0,1,0,0
2981,17197883401,0,0,1,1,1,1
2982,17197883402,0,0,0,1,0,0
2983,17197883504,0,0,0,1,1,1
2984,17197883505,0,0,0,1,1,1
2985,17197883507,0,0,0,1,0,0
2986,17197883509,0,0,0,1,1,1
2987,17197883510,0,0,0,1,0,0
2988,17197883511,0,0,0,1,1,1
2989,17197883513,0,0,0,1,1,1
2990,17197883514,0,0,0,1,1,1
2991,17197883515,0,0,0,1,1,1
2992,17197883516,0,0,0,1,1,1
2993,17197883517,0,0,0,1,1,1
2994,17197883519,0,0,0,1,1,1
2995,17197883521,0,0,0,1,1,1
2996,17197883522,0,0,0,1,1,1
2997,17197883602,0,0,0,1,1,1
2998,17197883603,0,0,1,1,1,1
2999,17197883605,1,1,1,1,1,1
3000,17197883606,0,0,0,1,0,0
3001,17197883700,1,1,1,1,1,1
3002,17197883803,1,1,1,1,1,1
3003,17197883804,0,1,0,1,1,1
3004,17197883806,0,0,0,1,1,1
3005,17197883808,0,0,0,1,0,0
3006,17197883809,0,0,1,1,1,1
3007,17197883810,0,0,0,1,1,1
3008,17197883811,0,0,0,1,0,0
3009,17197883902,0,0,0,1,0,0
3010,17197883903,0,0,0,1,0,0
3011,17197883904,0,0,0,1,0,0
3012,17197884003,0,0,0,1,1,1
3013,17197884004,0,0,1,1,1,1
3014,17197884005,0,0,0,1,0,0
3015,17197884006,0,0,0,1,0,0
3016,17197884101,0,0,1,1,0,0
3017,17197884103,0,0,0,1,0,0
3018,17197980000,0,0,0,0,0,0
3019,17197980100,1,1,0,1,1,1
3020,17199020100,1,1,1,1,0,0
3021,17199020201,0,0,0,1,1,1
3022,17199020202,0,0,0,1,0,0
3023,17199020300,0,0,0,1,0,0
3024,17199020400,1,1,1,1,1,1
3025,17199020500,1,0,1,1,1,1
3026,17199020600,1,1,0,1,1,1
3027,17199020700,1,1,1,1,1,1
3028,17199020800,1,1,0,1,0,0
3029,17199020900,0,0,0,1,1,1
3030,17199021000,1,1,1,1,1,1
3031,17199021100,1,1,1,1,1,1
3032,17199021200,1,0,0,1,1,1
3033,17199021300,0,0,0,1,0,0
3034,17199021400,0,0,0,1,0,0
3035,17201000101,1,1,0,1,1,1
3036,17201000103,1,1,1,1,1,1
3037,17201000104,1,1,1,1,1,1
3038,17201000105,0,0,0,1,1,1
3039,17201000200,1,1,1,1,1,1
3040,17201000300,1,1,1,1,1,1
3041,17201000401,0,0,0,1,1,1
3042,17201000402,0,0,0,1,1,1
3043,17201000403,0,0,0,1,1,1
3044,17201000501,0,1,0,1,1,1
3045,17201000502,0,0,0,1,1,1
3046,17201000504,0,0,0,1,1,1
3047,17201000506,0,0,0,1,1,1
3048,17201000507,0,0,1,1,1,1
3049,17201000510,0,0,0,1,1,1
3050,17201000511,0,0,0,1,1,1
3051,17201000512,0,0,0,1,1,1
3052,17201000513,0,0,0,1,1,1
3053,17201000514,0,0,0,1,1,1
3054,17201000600,0,0,1,1,1,1
3055,17201000700,0,0,0,0,1,1
3056,17201000800,1,1,1,1,1,1
3057,17201001000,1,1,1,1,1,1
3058,17201001100,1,1,1,1,1,0
3059,17201001200,1,1,1,0,0,0
3060,17201001300,1,1,1,1,1,1
3061,17201001400,1,1,1,1,1,1
3062,17201001500,0,1,1,1,1,1
3063,17201001600,1,1,1,1,1,1
3064,17201001700,1,1,1,1,1,1
3065,17201001800,1,1,1,1,1,1
3066,17201001900,1,1,1,1,1,1
3067,17201002000,1,1,1,1,1,1
3068,17201002100,1,1,1,1,1,1
3069,17201002200,1,1,1,1,1,1
3070,17201002301,1,1,1,1,1,1
3071,17201002302,0,1,1,1,1,1
3072,17201002400,1,1,1,1,1,1
3073,17201002500,1,1,1,1,1,1
3074,17201002600,1,1,1,1,1,1
3075,17201002700,1,1,1,1,1,1
3076,17201002800,1,1,1,0,0,0
3077,17201002900,1,1,1,0,0,1
3078,17201003000,0,0,0,1,1,1
3079,17201003100,1,1,1,1,1,1
3080,17201003200,1,1,1,0,1,0
3081,17201003300,1,1,1,1,1,1
3082,17201003400,1,1,1,1,1,1
3083,17201003500,0,0,0,1,1,1
3084,17201003601,1,1,1,1,0,0
3085,17201003602,1,1,1,1,1,1
3086,17201003604,1,0,1,1,1,1
3087,17201003605,1,1,1,1,1,1
3088,17201003606,1,1,1,1,1,1
3089,17201003705,0,0,0,1,1,1
3090,17201003706,0,0,0,1,1,1
3091,17201003707,1,1,1,1,1,1
3092,17201003708,1,1,1,1,1,1
3093,17201003709,1,1,1,1,1,1
3094,17201003710,0,0,0,1,1,1
3095,17201003711,0,0,0,1,0,0
3096,17201003801,0,0,0,1,0,0
3097,17201003805,0,0,0,1,1,1
3098,17201003806,0,0,0,1,1,1
3099,17201003807,0,0,0,1,1,1
3100,17201003808,0,0,0,1,1,1
3101,17201003809,1,1,1,1,1,1
3102,17201003901,0,0,0,1,0,0
3103,17201003903,0,0,0,1,1,1
3104,17201003904,0,0,0,1,1,1
3105,17201004001,0,0,0,1,1,1
3106,17201004002,0,0,0,1,1,1
3107,17201004003,1,1,1,1,0,0
3108,17201004100,0,0,0,1,0,0
3109,17201004200,0,0,0,1,0,0
3110,17201004300,0,0,0,1,0,0
3111,17201980000,0,0,1,1,1,1
3112,17203030100,0,0,0,1,0,0
3113,17203030200,0,0,0,1,0,0
3114,17203030300,0,0,0,1,0,0
3115,17203030400,0,0,0,1,1,1
3116,17203030501,0,0,0,1,1,1
3117,17203030502,0,0,0,1,0,0
3118,17203030601,0,0,0,1,1,1
3119,17203030602,0,0,0,1,0,0
3120,17203030700,0,0,0,1,0,0
